Region,Year,Sex,Age,artstart_n,cd4_artstart_n,cd4_art_0_200,cd4_art_201_350,cd4_art_351_500,cd4_art_501_up,cd4_art_median,cd4_art_p25,cd4_art_p75,artstart_30d_n,cd4_art_perc,artstart_9mo_n,vl_6mo_n,vl_6mo_perc,vl_supp_6mo_n,vl_supp_6mo_perc,artstart_15mo_n,vl_12mo_n,vl_12mo_perc,vl_supp_12mo_n,vl_supp_12mo_perc
AP,ALL,ALL,ALL,34047,25559,13284,6468,3141,2666,191,69,335,31814,80.3,28161,11353,40.3,10753,94.7,26740,9353,35,8874,94.9
AP,2006,ALL,ALL,1026,773,622,105,29,17,100,45,178,941,82.1,833,133,16,114,85.7,797,147,18.4,131,89.1
AP,2007,ALL,ALL,1733,1340,1007,251,50,32,124.5,57,200,1600,83.8,1448,174,12,141,81,1366,213,15.6,195,91.5
AP,2008,ALL,ALL,1949,1239,780,307,88,64,157,66,248.5,1743,71.1,1522,245,16.1,191,78,1423,276,19.4,255,92.4
AP,2009,ALL,ALL,1856,1365,834,335,95,101,159,68,255,1728,79,1539,307,19.9,258,84,1476,311,21.1,292,93.9
AP,2010,ALL,ALL,2288,1853,1052,582,136,83,173,63,279,2156,85.9,1957,439,22.4,405,92.3,1887,455,24.1,428,94.1
AP,2011,ALL,ALL,2326,1846,980,613,147,106,188.5,72,298,2179,84.7,1973,530,26.9,489,92.3,1906,544,28.5,512,94.1
AP,2012,ALL,ALL,2083,1598,752,514,207,125,216.5,79,331,1946,82.1,1778,467,26.3,438,93.8,1725,494,28.6,464,93.9
AP,2013,ALL,ALL,2536,1669,763,482,279,145,228,79,353,2414,69.1,2211,597,27,568,95.1,2158,653,30.3,621,95.1
AP,2014,ALL,ALL,2015,1446,690,398,237,121,219.5,78,350,1840,78.6,1644,681,41.4,645,94.7,1587,596,37.6,563,94.5
AP,2015,ALL,ALL,2837,1985,840,488,371,286,248,92,407,2716,73.1,2519,1178,46.8,1131,96,2462,887,36,844,95.2
AP,2016,ALL,ALL,2367,1911,896,408,285,322,220,68,407.5,2198,86.9,1998,1201,60.1,1150,95.8,1947,997,51.2,954,95.7
AP,2017,ALL,ALL,2604,1952,905,456,293,298,223.5,70,397.5,2447,79.8,2193,1280,58.4,1240,96.9,2088,791,37.9,753,95.2
AP,2018,ALL,ALL,2103,1560,729,365,244,222,221,69,388.25,1963,79.5,1688,990,58.6,957,96.7,1607,713,44.4,671,94.1
AP,2019,ALL,ALL,1910,1531,723,374,202,232,216,74,385,1794,85.3,1631,1041,63.8,1002,96.3,1574,782,49.7,744,95.1
AP,2020,ALL,ALL,1348,1126,504,282,183,157,232,79,391,1266,88.9,1115,715,64.1,694,97.1,1086,567,52.2,551,97.2
AP,2021,ALL,ALL,1246,988,507,208,123,150,192.5,61.75,379,1180,83.7,1088,710,65.3,687,96.8,1059,532,50.2,516,97
AP,2022,ALL,ALL,1296,1004,506,224,125,149,198,63.5,376.5,1214,82.7,1024,665,64.9,643,96.7,592,395,66.7,380,96.2
AP,2023,ALL,ALL,524,373,194,76,47,56,182,54,370,489,76.3,0,0,,0,,**,**,**,**,**
AP,ALL,Male,ALL,23330,17565,9501,4226,2124,1714,178,61,328,21791,80.6,19277,8805,45.7,8428,95.7,18317,7361,40.2,7022,95.4
AP,ALL,Female,ALL,10717,7994,3783,2242,1017,952,213,91,348,10023,79.8,8884,2548,28.7,2325,91.2,8423,1992,23.6,1852,93
AP,ALL,ALL,20-49,29583,22225,11445,5650,2773,2357,194,69,338,27718,80.2,24578,9654,39.3,9111,94.4,23360,8015,34.3,7581,94.6
AP,ALL,ALL,50+,4464,3334,1839,818,368,309,173,68,319,4096,81.4,3583,1699,47.4,1642,96.6,3380,1338,39.6,1293,96.6
AP,2006,Male,ALL,699,521,432,62,17,*,92,37,166,634,82.2,563,108,19.2,95,88,538,118,21.9,104,88.1
AP,2006,Female,ALL,327,252,190,43,12,*,117,54.75,200,307,82.1,270,25,9.3,19,76,259,29,11.2,27,93.1
AP,2007,Male,ALL,1138,864,675,144,30,15,113.5,53,191,1044,82.8,935,124,13.3,107,86.3,880,149,16.9,137,91.9
AP,2007,Female,ALL,595,476,332,107,20,17,148,73,217.25,556,85.6,513,50,9.7,34,68,486,64,13.2,58,90.6
AP,2008,Male,ALL,1340,824,549,194,54,27,146,59.75,239.25,1191,69.2,1027,183,17.8,163,89.1,958,227,23.7,210,92.5
AP,2008,Female,ALL,609,415,231,113,34,37,190,91.5,284.5,552,75.2,495,62,12.5,28,45.2,465,49,10.5,45,91.8
AP,2009,Male,ALL,1187,878,577,198,54,49,142,58,244.75,1101,79.7,972,231,23.8,208,90,935,241,25.8,228,94.6
AP,2009,Female,ALL,669,487,257,137,41,52,194,97.5,278,627,77.7,567,76,13.4,50,65.8,541,70,12.9,64,91.4
AP,2010,Male,ALL,1500,1212,729,356,86,41,151,56,272,1400,86.6,1275,329,25.8,309,93.9,1237,356,28.8,334,93.8
AP,2010,Female,ALL,788,641,323,226,50,42,200,77,292,756,84.8,682,110,16.1,96,87.3,650,99,15.2,94,94.9
AP,2011,Male,ALL,1444,1158,672,343,87,56,162,61,283.5,1343,86.2,1205,416,34.5,387,93,1165,429,36.8,406,94.6
AP,2011,Female,ALL,882,688,308,270,60,50,220,109,313.5,836,82.3,768,114,14.8,102,89.5,741,115,15.5,106,92.2
AP,2012,Male,ALL,1309,1012,534,287,125,66,183,64,316.25,1217,83.2,1105,356,32.2,337,94.7,1071,371,34.6,354,95.4
AP,2012,Female,ALL,774,586,218,227,82,59,260,125.5,345.75,729,80.4,673,111,16.5,101,91,654,123,18.8,110,89.4
AP,2013,Male,ALL,1574,1064,505,291,170,98,215.5,70,352,1483,71.7,1360,469,34.5,447,95.3,1324,478,36.1,456,95.4
AP,2013,Female,ALL,962,605,258,191,109,47,248,97,358,931,65,851,128,15,121,94.5,834,175,21,165,94.3
AP,2014,Male,ALL,1336,979,480,253,154,92,212,70.5,352,1223,80,1092,529,48.4,503,95.1,1053,452,42.9,431,95.4
AP,2014,Female,ALL,679,467,210,145,83,29,231,92.5,347,617,75.7,552,152,27.5,142,93.4,534,144,27,132,91.7
AP,2015,Male,ALL,2037,1357,611,324,236,186,232,79,393,1971,68.8,1848,873,47.2,841,96.3,1814,695,38.3,666,95.8
AP,2015,Female,ALL,800,628,229,164,135,100,281,123,434,745,84.3,671,305,45.5,290,95.1,648,192,29.6,178,92.7
AP,2016,Male,ALL,1694,1363,664,290,191,218,209,61,388,1576,86.5,1443,928,64.3,893,96.2,1407,802,57,770,96
AP,2016,Female,ALL,673,548,232,118,94,104,251,92,442.5,622,88.1,555,273,49.2,257,94.1,540,195,36.1,184,94.4
AP,2017,Male,ALL,1843,1400,678,329,207,186,212,61,375.25,1739,80.5,1572,999,63.5,974,97.5,1501,643,42.8,617,96
AP,2017,Female,ALL,761,552,227,127,86,112,258,98,448.25,708,78,621,281,45.2,266,94.7,587,148,25.2,136,91.9
AP,2018,Male,ALL,1518,1147,537,273,184,153,221,62.5,384.5,1423,80.6,1235,776,62.8,751,96.8,1186,566,47.7,535,94.5
AP,2018,Female,ALL,585,413,192,92,60,69,221,93,407,540,76.5,453,214,47.2,206,96.3,421,147,34.9,136,92.5
AP,2019,Male,ALL,1423,1149,555,280,155,159,212,69,372,1344,85.5,1230,854,69.4,824,96.5,1187,631,53.2,602,95.4
AP,2019,Female,ALL,487,382,168,94,47,73,234,86.475,426,450,84.9,401,187,46.6,178,95.2,387,151,39,142,94
AP,2020,Male,ALL,1036,882,395,223,146,118,229.5,74,388.75,980,90,864,582,67.4,567,97.4,843,471,55.9,462,98.1
AP,2020,Female,ALL,312,244,109,59,37,39,240.5,92,396.25,286,85.3,251,133,53,127,95.5,243,96,39.5,89,92.7
AP,2021,Male,ALL,930,739,387,150,99,103,186,59.5,378,883,83.7,810,544,67.2,532,97.8,790,433,54.8,422,97.5
AP,2021,Female,ALL,316,249,120,58,24,47,221,76,389,297,83.8,278,166,59.7,155,93.4,269,99,36.8,94,94.9
AP,2022,Male,ALL,934,730,370,177,88,95,196,57,350.75,877,83.2,741,504,68,490,97.2,428,299,69.9,288,96.3
AP,2022,Female,ALL,362,274,136,47,37,54,202,74.25,449.75,337,81.3,283,161,56.9,153,95,164,96,58.5,92,95.8
AP,2023,Male,ALL,388,286,151,52,41,42,174,48.25,379,362,79,0,0,,0,,**,**,**,**,**
AP,2023,Female,ALL,136,87,43,24,*,14,205,90,333,127,68.5,0,0,,0,,**,**,**,**,**
AP,2006,ALL,20-49,926,707,575,90,26,16,98,43,176,859,82.3,759,110,14.5,92,83.6,725,123,17,110,89.4
AP,2006,ALL,50+,100,66,47,15,*,*,115,49.75,210,82,80.5,74,23,31.1,22,95.7,72,24,33.3,21,87.5
AP,2007,ALL,20-49,1590,1243,937,229,47,30,124,57,200,1469,84.6,1322,154,11.6,122,79.2,1247,191,15.3,174,91.1
AP,2007,ALL,50+,143,97,70,22,*,*,134,66,214,131,74,126,20,15.9,19,95,119,22,18.5,21,95.5
AP,2008,ALL,20-49,1755,1117,708,265,83,61,157,66,247,1572,71.1,1379,211,15.3,160,75.8,1290,236,18.3,216,91.5
AP,2008,ALL,50+,194,122,72,42,*,*,159.5,60,252,171,71.3,143,34,23.8,31,91.2,133,40,30.1,39,97.5
AP,2009,ALL,20-49,1667,1229,753,292,86,98,159,66,256,1558,78.9,1389,270,19.4,224,83,1331,273,20.5,256,93.8
AP,2009,ALL,50+,189,136,81,43,*,*,166,87.5,248.25,170,80,150,37,24.7,34,91.9,145,38,26.2,36,94.7
AP,2010,ALL,20-49,2018,1632,930,516,112,74,171,61,279.25,1901,85.8,1720,383,22.3,352,91.9,1658,396,23.9,373,94.2
AP,2010,ALL,50+,270,221,122,66,24,*,184,73,278,255,86.7,237,56,23.6,53,94.6,229,59,25.8,55,93.2
AP,2011,ALL,20-49,2057,1632,858,545,133,96,190,72,299,1931,84.5,1750,469,26.8,429,91.5,1696,478,28.2,446,93.3
AP,2011,ALL,50+,269,214,122,68,14,*,166,69.5,289.5,248,86.3,223,61,27.4,60,98.4,210,66,31.4,66,100
AP,2012,ALL,20-49,1846,1420,666,463,181,110,217,78,331,1733,81.9,1581,411,26,384,93.4,1537,434,28.2,405,93.3
AP,2012,ALL,50+,237,178,86,51,26,15,210,80.25,334.75,213,83.6,197,56,28.4,54,96.4,188,60,31.9,59,98.3
AP,2013,ALL,20-49,2228,1463,668,428,238,129,229,81.5,351,2122,68.9,1941,515,26.5,488,94.8,1893,565,29.8,535,94.7
AP,2013,ALL,50+,308,206,95,54,41,16,216.5,66.25,370.75,292,70.5,270,82,30.4,80,97.6,265,88,33.2,86,97.7
AP,2014,ALL,20-49,1740,1249,591,344,211,103,221,78,352,1587,78.7,1415,587,41.5,557,94.9,1364,510,37.4,484,94.9
AP,2014,ALL,50+,275,197,99,54,26,18,195,78,343,253,77.9,229,94,41,88,93.6,223,86,38.6,79,91.9
AP,2015,ALL,20-49,2456,1720,714,417,335,254,254,96,412.25,2351,73.2,2183,1000,45.8,959,95.9,2136,777,36.4,734,94.5
AP,2015,ALL,50+,381,265,126,71,36,32,219,84,360,365,72.6,336,178,53,172,96.6,326,110,33.7,110,100
AP,2016,ALL,20-49,2078,1680,779,361,258,282,223.5,69,409.25,1939,86.6,1766,1044,59.1,998,95.6,1722,879,51,839,95.4
AP,2016,ALL,50+,289,231,117,47,27,40,192,61.5,384,259,89.2,232,157,67.7,152,96.8,225,118,52.4,115,97.5
AP,2017,ALL,20-49,2243,1676,767,397,255,257,227,69,403,2113,79.3,1895,1103,58.2,1069,96.9,1804,683,37.9,650,95.2
AP,2017,ALL,50+,361,276,138,59,38,41,200.5,75.5,377.25,334,82.6,298,177,59.4,171,96.6,284,108,38,103,95.4
AP,2018,ALL,20-49,1766,1305,584,313,215,193,231,71,397,1660,78.6,1430,842,58.9,812,96.4,1362,599,44,563,94
AP,2018,ALL,50+,337,255,145,52,29,29,162,57,337,303,84.2,258,148,57.4,145,98,245,114,46.5,108,94.7
AP,2019,ALL,20-49,1609,1299,586,328,181,204,229,78,395,1523,85.3,1393,882,63.3,848,96.1,1342,657,49,623,94.8
AP,2019,ALL,50+,301,232,137,46,21,28,159.5,62.5,322.5,271,85.6,238,159,66.8,154,96.9,232,125,53.9,121,96.8
AP,2020,ALL,20-49,1121,941,399,244,163,135,242,81,405,1059,88.9,928,582,62.7,563,96.7,903,464,51.4,450,97
AP,2020,ALL,50+,227,185,105,38,20,22,166,62,331,207,89.4,187,133,71.1,131,98.5,183,103,56.3,101,98.1
AP,2021,ALL,20-49,995,784,383,166,103,132,210,61.75,405.25,946,82.9,879,554,63,536,96.8,858,425,49.5,411,96.7
AP,2021,ALL,50+,251,204,124,42,20,18,149,64,300.75,234,87.2,209,156,74.6,151,96.8,201,107,53.2,105,98.1
AP,2022,ALL,20-49,1066,830,399,189,105,137,208.5,66,392.75,1002,82.8,848,537,63.3,518,96.5,492,325,66.1,312,96
AP,2022,ALL,50+,230,174,107,35,20,12,153,56.25,293.75,212,82.1,176,128,72.7,125,97.7,100,70,70,68,97.1
AP,2023,ALL,20-49,422,298,148,63,41,46,205,49.75,404.5,393,75.8,0,0,,0,,**,**,**,**,**
AP,2023,ALL,50+,102,75,46,13,*,*,150,81,325,96,78.1,0,0,,0,,**,**,**,**,**
AP,ALL,Male,20-49,20126,15152,8110,3671,1856,1515,181,61,331,18853,80.4,16717,7505,44.9,7171,95.5,15903,6304,39.6,5999,95.2
AP,ALL,Male,50+,3204,2413,1391,555,268,199,163,64,310,2938,82.1,2560,1300,50.8,1257,96.7,2414,1057,43.8,1023,96.8
AP,ALL,Female,20-49,9457,7073,3335,1979,917,842,214,92,350,8865,79.8,7861,2149,27.3,1940,90.3,7457,1711,22.9,1582,92.5
AP,ALL,Female,50+,1260,921,448,263,100,110,208,87,339,1158,79.5,1023,399,39,385,96.5,966,281,29.1,270,96.1
AP,2006,Male,20-49,621,469,396,50,14,*,86,36,160,570,82.3,507,87,17.2,75,86.2,484,96,19.8,84,87.5
AP,2006,Male,50+,78,52,36,12,*,*,111.5,48.5,211.75,64,81.2,56,21,37.5,20,95.2,54,22,40.7,20,90.9
AP,2006,Female,20-49,305,238,179,40,12,*,115.5,54.25,200,289,82.4,252,23,9.1,17,73.9,241,27,11.2,26,96.3
AP,2006,Female,50+,22,14,11,*,0,0,131,72.25,186.5,18,77.8,18,*,*,*,*,18,*,*,*,*
AP,2007,Male,20-49,1029,790,621,126,28,15,111.5,53,188.75,945,83.6,841,105,12.5,89,84.8,791,130,16.4,118,90.8
AP,2007,Male,50+,109,74,54,18,*,0,129,60.5,211,99,74.7,94,19,20.2,18,94.7,89,19,21.3,19,100
AP,2007,Female,20-49,561,453,316,103,19,15,149,73,217,524,86.5,481,49,10.2,33,67.3,456,61,13.4,56,91.8
AP,2007,Female,50+,34,23,16,*,*,*,136,81,222,32,71.9,32,*,*,*,*,30,*,*,*,*
AP,2008,Male,20-49,1194,728,490,165,49,24,143.5,60,235.25,1063,68.5,920,151,16.4,134,88.7,860,191,22.2,175,91.6
AP,2008,Male,50+,146,96,59,29,*,*,155.5,58.25,254.75,128,75,107,32,29.9,29,90.6,98,36,36.7,35,97.2
AP,2008,Female,20-49,561,389,218,100,34,37,190,91,289,509,76.4,459,60,13.1,26,43.3,430,45,10.5,41,91.1
AP,2008,Female,50+,48,26,13,13,0,0,196.5,93.75,227.5,43,60.5,36,*,*,*,*,35,*,*,*,*
AP,2009,Male,20-49,1041,773,511,170,46,46,141,56,241,970,79.7,857,197,23,177,89.8,823,207,25.2,195,94.2
AP,2009,Male,50+,146,105,66,28,*,*,152,88,252,131,80.2,115,34,29.6,31,91.2,112,34,30.4,33,97.1
AP,2009,Female,20-49,626,456,242,122,40,52,194,101,285.5,588,77.6,532,73,13.7,47,64.4,508,66,13,61,92.4
AP,2009,Female,50+,43,31,15,15,*,0,205,84.5,238,39,79.5,35,*,*,*,*,33,*,*,*,*
AP,2010,Male,20-49,1290,1039,630,307,69,33,150,54,270,1204,86.3,1090,278,25.5,261,93.9,1058,303,28.6,284,93.7
AP,2010,Male,50+,210,173,99,49,17,*,171,73,274,196,88.3,185,51,27.6,48,94.1,179,53,29.6,50,94.3
AP,2010,Female,20-49,728,593,300,209,43,41,200,79,292,697,85.1,630,105,16.7,91,86.7,600,93,15.5,89,95.7
AP,2010,Female,50+,60,48,23,17,*,*,219,71.75,281.5,59,81.4,52,*,*,*,*,50,*,*,*,*
AP,2011,Male,20-49,1243,997,577,296,77,47,164,61,281,1158,86.1,1040,362,34.8,334,92.3,1008,370,36.7,347,93.8
AP,2011,Male,50+,201,161,95,47,*,*,148,65,298,185,87,165,54,32.7,53,98.1,157,59,37.6,59,100
AP,2011,Female,20-49,814,635,281,249,56,49,223,113,319,773,82.1,710,107,15.1,95,88.8,688,108,15.7,99,91.7
AP,2011,Female,50+,68,53,27,21,*,*,198,78,269,63,84.1,58,*,*,*,*,53,*,*,*,*
AP,2012,Male,20-49,1135,880,467,252,107,54,181,62.75,315,1062,82.9,964,304,31.5,287,94.4,937,316,33.7,300,94.9
AP,2012,Male,50+,174,132,67,35,18,12,198.5,74.5,324.25,155,85.2,141,52,36.9,50,96.2,134,55,41,54,98.2
AP,2012,Female,20-49,711,540,199,211,74,56,260.5,126.5,345.25,671,80.5,617,107,17.3,97,90.7,600,118,19.7,105,89
AP,2012,Female,50+,63,46,19,16,*,*,252,117.5,345.75,58,79.3,56,*,*,*,*,54,*,*,*,*
AP,2013,Male,20-49,1361,920,439,253,142,86,218,72,350,1282,71.8,1173,403,34.4,382,94.8,1140,412,36.1,392,95.1
AP,2013,Male,50+,213,144,66,38,28,12,212,65,370.25,201,71.6,187,66,35.3,65,98.5,184,66,35.9,64,97
AP,2013,Female,20-49,867,543,229,175,96,43,252,105,354.5,840,64.6,768,112,14.6,106,94.6,753,153,20.3,143,93.5
AP,2013,Female,50+,95,62,29,16,13,*,221.5,69.75,375,91,68.1,83,16,19.3,15,93.8,81,22,27.2,22,100
AP,2014,Male,20-49,1135,829,405,215,134,75,213,65,352,1040,79.7,927,453,48.9,431,95.1,891,383,43,368,96.1
AP,2014,Male,50+,201,150,75,38,20,17,201,88.25,348.75,183,82,165,76,46.1,72,94.7,162,69,42.6,63,91.3
AP,2014,Female,20-49,605,420,186,129,77,28,233,95.75,350.25,547,76.8,488,134,27.5,126,94,473,127,26.8,116,91.3
AP,2014,Female,50+,74,47,24,16,*,*,195,68.5,336.5,70,67.1,64,18,28.1,16,88.9,61,17,27.9,16,94.1
AP,2015,Male,20-49,1768,1177,519,283,210,165,238,79,396,1710,68.8,1610,752,46.7,723,96.1,1582,612,38.7,583,95.3
AP,2015,Male,50+,269,180,92,41,26,21,189,77,369.25,261,69,238,121,50.8,118,97.5,232,83,35.8,83,100
AP,2015,Female,20-49,688,543,195,134,125,89,290,125.5,438.5,641,84.7,573,248,43.3,236,95.2,554,165,29.8,151,91.5
AP,2015,Female,50+,112,85,34,30,*,11,242,94,348,104,81.7,98,57,58.2,54,94.7,94,27,28.7,27,100
AP,2016,Male,20-49,1492,1204,580,259,172,193,212.5,62.75,390,1395,86.3,1279,818,64,786,96.1,1248,718,57.5,688,95.8
AP,2016,Male,50+,202,159,84,31,19,25,183,60.5,372.5,181,87.8,164,110,67.1,107,97.3,159,84,52.8,82,97.6
AP,2016,Female,20-49,586,476,199,102,86,89,258.5,93.5,442.5,544,87.5,487,226,46.4,212,93.8,474,161,34,151,93.8
AP,2016,Female,50+,87,72,33,16,*,15,222,85.5,433.5,78,92.3,68,47,69.1,45,95.7,66,34,51.5,33,97.1
AP,2017,Male,20-49,1607,1216,579,291,178,168,215.5,59.75,386,1521,79.9,1379,882,64,861,97.6,1319,569,43.1,547,96.1
AP,2017,Male,50+,236,184,99,38,29,18,181,65.75,362.5,218,84.4,193,117,60.6,113,96.6,182,74,40.7,70,94.6
AP,2017,Female,20-49,636,460,188,106,77,89,256.5,102,447,592,77.7,516,221,42.8,208,94.1,485,114,23.5,103,90.4
AP,2017,Female,50+,125,92,39,21,*,23,264.5,90.5,498,116,79.3,105,60,57.1,58,96.7,102,34,33.3,33,97.1
AP,2018,Male,20-49,1295,982,435,241,166,140,235,69,395,1223,80.3,1070,672,62.8,650,96.7,1029,484,47,459,94.8
AP,2018,Male,50+,223,165,102,32,18,13,126,38,282,200,82.5,165,104,63,101,97.1,157,82,52.2,76,92.7
AP,2018,Female,20-49,471,323,149,72,49,53,221,83,408,437,73.9,360,170,47.2,162,95.3,333,115,34.5,104,90.4
AP,2018,Female,50+,114,90,43,20,11,16,217,111.225,398,103,87.4,93,44,47.3,44,100,88,32,36.4,32,100
AP,2019,Male,20-49,1216,984,448,252,142,142,224.5,73,385,1152,85.4,1061,731,68.9,704,96.3,1022,529,51.8,503,95.1
AP,2019,Male,50+,207,165,107,28,13,17,137,58,307,192,85.9,169,123,72.8,120,97.6,165,102,61.8,99,97.1
AP,2019,Female,20-49,393,315,138,76,39,62,234,83.5,427.5,371,84.9,332,151,45.5,144,95.4,320,128,40,120,93.8
AP,2019,Female,50+,94,67,30,18,*,11,232,97.5,406.5,79,84.8,69,36,52.2,34,94.4,67,23,34.3,22,95.7
AP,2020,Male,20-49,861,733,309,195,128,101,242,80,401,818,89.6,718,472,65.7,459,97.2,701,385,54.9,377,97.9
AP,2020,Male,50+,175,149,86,28,18,17,165,62,327,162,92,146,110,75.3,108,98.2,142,86,60.6,85,98.8
AP,2020,Female,20-49,260,208,90,49,35,34,249,97.75,418.5,241,86.3,210,110,52.4,104,94.5,202,79,39.1,73,92.4
AP,2020,Female,50+,52,36,19,*,*,*,184.5,82.75,340.25,45,80,41,23,56.1,23,100,41,17,41.5,16,94.1
AP,2021,Male,20-49,751,595,296,121,84,94,204,56,405.5,718,82.9,667,431,64.6,423,98.1,652,352,54,342,97.2
AP,2021,Male,50+,179,144,91,29,15,*,145.5,68.75,294.75,165,87.3,143,113,79,109,96.5,138,81,58.7,80,98.8
AP,2021,Female,20-49,244,189,87,45,19,38,256,90,391,228,82.9,212,123,58,113,91.9,206,73,35.4,69,94.5
AP,2021,Female,50+,72,60,33,13,*,*,150.5,47.75,319.5,69,87,66,43,65.2,42,97.7,63,26,41.3,25,96.2
AP,2022,Male,20-49,769,603,288,152,74,89,210,63,374,725,83.2,614,407,66.3,395,97.1,358,247,69,237,96
AP,2022,Male,50+,165,127,82,25,14,*,140,50.5,264.5,152,83.6,127,97,76.4,95,97.9,70,52,74.3,51,98.1
AP,2022,Female,20-49,297,227,111,37,31,48,206,74.5,464.5,277,81.9,234,130,55.6,123,94.6,134,78,58.2,75,96.2
AP,2022,Female,50+,65,47,25,*,*,*,178,79.5,342,60,78.3,49,31,63.3,30,96.8,30,18,60,17,94.4
AP,2023,Male,20-49,318,233,120,43,36,34,182,47,400,297,78.5,0,0,,0,,**,**,**,**,**
AP,2023,Male,50+,70,53,31,*,*,*,139,83,350,65,81.5,0,0,,0,,**,**,**,**,**
AP,2023,Female,20-49,104,65,28,20,*,12,214,93,409,96,67.7,0,0,,0,,**,**,**,**,**
AP,2023,Female,50+,32,22,15,*,*,*,157,61.75,312.75,31,71,0,0,,0,,**,**,**,**,**
CA,ALL,ALL,ALL,42459,25087,10364,8421,3280,3022,241,125,351,41406,60.6,37095,7111,19.2,6536,91.9,35390,5150,14.6,4533,88
CA,2006,ALL,ALL,1480,1019,745,227,27,20,144,69,207,1464,69.6,1403,80,5.7,76,95,1373,74,5.4,67,90.5
CA,2007,ALL,ALL,2406,1329,839,379,56,55,175,104,247,2367,56.1,2266,67,3,60,89.6,2219,32,1.4,29,90.6
CA,2008,ALL,ALL,2259,1526,761,657,59,49,201,116,285,2213,69,2140,73,3.4,72,98.6,2082,82,3.9,68,82.9
CA,2009,ALL,ALL,2334,1822,853,831,98,40,211,119.25,297,2310,78.9,2239,84,3.8,79,94,2181,69,3.2,63,91.3
CA,2010,ALL,ALL,2964,1987,873,873,146,95,223,124,312,2914,68.2,2790,212,7.6,192,90.6,2728,153,5.6,131,85.6
CA,2011,ALL,ALL,3216,2228,842,1022,198,166,249.5,139,329,3155,70.6,2994,211,7,194,91.9,2925,278,9.5,247,88.8
CA,2012,ALL,ALL,2874,2241,879,946,221,195,247,132,330,2825,79.3,2694,219,8.1,187,85.4,2624,234,8.9,211,90.2
CA,2013,ALL,ALL,3948,2343,900,839,288,316,250,131,357,3816,61.4,3528,159,4.5,144,90.6,3388,326,9.6,296,90.8
CA,2014,ALL,ALL,2878,1970,642,669,407,252,286,149.25,407,2791,70.6,2615,428,16.4,402,93.9,2528,394,15.6,359,91.1
CA,2015,ALL,ALL,3167,2322,872,585,607,258,273,128,429.75,3088,75.2,2910,689,23.7,633,91.9,2796,495,17.7,425,85.9
CA,2016,ALL,ALL,4536,3216,1071,670,635,840,322,144,516,4432,72.6,3760,1290,34.3,1185,91.9,3565,754,21.2,635,84.2
CA,2017,ALL,ALL,3176,1505,570,361,248,326,272,123,465,3093,48.7,2618,1016,38.8,927,91.2,2508,679,27.1,574,84.5
CA,2018,ALL,ALL,2355,781,269,172,133,207,307,136,513,2289,34.1,1953,1033,52.9,936,90.6,1813,568,31.3,486,85.6
CA,2019,ALL,ALL,1511,271,101,55,39,76,287,131,528,1467,18.5,1196,590,49.3,550,93.2,1119,386,34.5,353,91.5
CA,2020,ALL,ALL,1250,203,59,50,42,52,326,144.5,503,1202,16.9,956,482,50.4,456,94.6,856,304,35.5,286,94.1
CA,2021,ALL,ALL,1049,164,41,48,40,35,332,201.25,485,1025,16,739,319,43.2,292,91.5,627,291,46.4,273,93.8
CA,2022,ALL,ALL,772,159,47,36,36,40,336,175.5,502.5,760,20.9,294,159,54.1,151,95,58,31,53.4,30,96.8
CA,2023,ALL,ALL,284,*,*,*,*,*,*,*,*,195,*,0,0,,0,,**,**,**,**,**
CA,ALL,Male,ALL,15317,8802,3849,2940,1146,867,228.5,113,342,14968,58.8,13265,2863,21.6,2633,92,12641,2010,15.9,1766,87.9
CA,ALL,Female,ALL,27142,16285,6515,5481,2134,2155,248,131,361,26438,61.6,23830,4248,17.8,3903,91.9,22749,3140,13.8,2767,88.1
CA,ALL,ALL,20-49,36501,21895,8992,7338,2883,2682,243,126,353,35605,61.5,31872,6102,19.1,5613,92,30372,4417,14.5,3872,87.7
CA,ALL,ALL,50+,5958,3192,1372,1083,397,340,230,122,342,5801,55,5223,1009,19.3,923,91.5,5018,733,14.6,661,90.2
CA,2006,Male,ALL,507,346,258,77,*,*,130.5,62,201.75,501,69.1,477,27,5.7,26,96.3,469,24,5.1,21,87.5
CA,2006,Female,ALL,973,673,487,150,21,15,148,74,210,963,69.9,926,53,5.7,50,94.3,904,50,5.5,46,92
CA,2007,Male,ALL,728,392,268,111,*,*,166,85,225,721,54.4,686,20,2.9,19,95,672,*,*,*,*
CA,2007,Female,ALL,1678,937,571,268,49,49,177,112,260,1646,56.9,1580,47,3,41,87.2,1547,25,1.6,23,92
CA,2008,Male,ALL,786,532,279,226,18,*,196,103.5,279,773,68.8,752,22,2.9,22,100,731,26,3.6,22,84.6
CA,2008,Female,ALL,1473,994,482,431,41,40,205.5,122,286.75,1440,69,1388,51,3.7,50,98,1351,56,4.1,46,82.1
CA,2009,Male,ALL,791,596,289,270,27,*,204.5,110.75,294,781,76.3,757,20,2.6,20,100,737,27,3.7,26,96.3
CA,2009,Female,ALL,1543,1226,564,561,71,30,213.5,123.25,299,1529,80.2,1482,64,4.3,59,92.2,1444,42,2.9,37,88.1
CA,2010,Male,ALL,946,653,298,296,40,19,215,116,305,937,69.7,903,68,7.5,60,88.2,881,53,6,43,81.1
CA,2010,Female,ALL,2018,1334,575,577,106,76,229.5,126.25,315,1977,67.5,1887,144,7.6,132,91.7,1847,100,5.4,88,88
CA,2011,Male,ALL,1039,719,314,343,40,22,224,115,310.5,1024,70.2,980,70,7.1,65,92.9,960,107,11.1,100,93.5
CA,2011,Female,ALL,2177,1509,528,679,158,144,261,157,338,2131,70.8,2014,141,7,129,91.5,1965,171,8.7,147,86
CA,2012,Male,ALL,912,711,307,313,50,41,230,119.5,315.5,901,78.9,875,65,7.4,53,81.5,855,85,9.9,76,89.4
CA,2012,Female,ALL,1962,1530,572,633,171,154,255,141,337.75,1924,79.5,1819,154,8.5,134,87,1769,149,8.4,135,90.6
CA,2013,Male,ALL,1408,844,343,328,87,86,233.5,118.75,332,1363,61.9,1262,66,5.2,59,89.4,1218,142,11.7,130,91.5
CA,2013,Female,ALL,2540,1499,557,511,201,230,260,135.5,379,2453,61.1,2266,93,4.1,85,91.4,2170,184,8.5,166,90.2
CA,2014,Male,ALL,964,676,243,221,153,59,273,135.75,390,940,71.9,882,176,20,164,93.2,851,145,17,134,92.4
CA,2014,Female,ALL,1914,1294,399,448,254,193,292,158,415,1851,69.9,1733,252,14.5,238,94.4,1677,249,14.8,225,90.4
CA,2015,Male,ALL,1205,884,339,218,243,84,277.5,122,419.5,1176,75.2,1114,279,25,253,90.7,1075,197,18.3,171,86.8
CA,2015,Female,ALL,1962,1438,533,367,364,174,269,130.25,433.5,1912,75.2,1796,410,22.8,380,92.7,1721,298,17.3,254,85.2
CA,2016,Male,ALL,1710,1221,459,244,260,258,292,124,473,1667,73.2,1385,509,36.8,468,91.9,1310,267,20.4,221,82.8
CA,2016,Female,ALL,2826,1995,612,426,375,582,336,159,546,2765,72.2,2375,781,32.9,717,91.8,2255,487,21.6,414,85
CA,2017,Male,ALL,1224,584,230,132,100,122,271.5,117.5,453.75,1201,48.6,1013,416,41.1,376,90.4,971,272,28,225,82.7
CA,2017,Female,ALL,1952,921,340,229,148,204,275,127,473,1892,48.7,1605,600,37.4,551,91.8,1537,407,26.5,349,85.7
CA,2018,Male,ALL,1006,310,111,70,51,78,292.5,121.5,502.5,976,31.8,825,444,53.8,406,91.4,769,234,30.4,201,85.9
CA,2018,Female,ALL,1349,471,158,102,82,129,317,146,519.5,1313,35.9,1128,589,52.2,530,90,1044,334,32,285,85.3
CA,2019,Male,ALL,714,123,49,28,16,30,245,119.5,476.5,696,17.7,560,279,49.8,262,93.9,528,172,32.6,155,90.1
CA,2019,Female,ALL,797,148,52,27,23,46,342,150.5,531.75,771,19.2,636,311,48.9,288,92.6,591,214,36.2,198,92.5
CA,2020,Male,ALL,512,78,21,23,19,15,325,183.25,465.25,498,15.7,374,199,53.2,189,95,340,123,36.2,116,94.3
CA,2020,Female,ALL,738,125,38,27,23,37,339,135,557,704,17.8,582,283,48.6,267,94.3,516,181,35.1,170,93.9
CA,2021,Male,ALL,444,63,20,22,*,12,254,151,407.5,432,14.6,298,131,44,124,94.7,252,116,46,107,92.2
CA,2021,Female,ALL,605,101,21,26,31,23,375,226,499,593,17,441,188,42.6,168,89.4,375,175,46.7,166,94.9
CA,2022,Male,ALL,311,70,21,18,20,11,309.5,143.75,458.75,306,22.9,122,72,59,67,93.1,22,13,59.1,12,92.3
CA,2022,Female,ALL,461,89,26,18,16,29,355,182,557,454,19.6,172,87,50.6,84,96.6,36,18,50,18,100
CA,2023,Male,ALL,110,0,,,,,,,,75,0,0,0,,0,,**,**,**,**,**
CA,2023,Female,ALL,174,*,*,*,*,*,*,*,*,120,*,0,0,,0,,**,**,**,**,**
CA,2006,ALL,20-49,1325,925,678,205,25,17,144,68,205,1311,70.6,1251,71,5.7,67,94.4,1224,70,5.7,63,90
CA,2006,ALL,50+,155,94,67,22,*,*,151,78.5,210,153,61.4,152,*,*,*,*,149,*,*,*,*
CA,2007,ALL,20-49,2132,1190,747,342,49,52,175,104,247,2095,56.8,1998,54,2.7,47,87,1957,29,1.5,26,89.7
CA,2007,ALL,50+,274,139,92,37,*,*,172,106,243,272,51.1,268,13,4.9,13,100,262,*,*,*,*
CA,2008,ALL,20-49,2021,1379,691,585,54,49,200,114.5,286,1979,69.7,1907,61,3.2,60,98.4,1854,69,3.7,58,84.1
CA,2008,ALL,50+,238,147,70,72,*,0,204,141.5,273.5,234,62.8,233,12,5.2,12,100,228,13,5.7,*,*
CA,2009,ALL,20-49,2094,1643,757,760,88,38,215,121,299,2072,79.3,2007,77,3.8,72,93.5,1952,63,3.2,57,90.5
CA,2009,ALL,50+,240,179,96,71,*,*,190,114,288,238,75.2,232,*,*,*,*,229,*,*,*,*
CA,2010,ALL,20-49,2596,1741,762,767,127,85,225,125,312,2552,68.2,2442,186,7.6,168,90.3,2386,133,5.6,113,85
CA,2010,ALL,50+,368,246,111,106,19,*,210,117,304,362,68,348,26,7.5,24,92.3,342,20,5.8,18,90
CA,2011,ALL,20-49,2849,1984,741,906,179,158,252,140.75,331,2793,71,2638,179,6.8,164,91.6,2573,252,9.8,224,88.9
CA,2011,ALL,50+,367,244,101,116,19,*,230.5,127,318.25,362,67.4,356,32,9,30,93.8,352,26,7.4,23,88.5
CA,2012,ALL,20-49,2535,1971,753,836,199,183,254,137,333,2488,79.2,2370,192,8.1,166,86.5,2308,209,9.1,188,90
CA,2012,ALL,50+,339,270,126,110,22,12,210,110,310,337,80.1,324,27,8.3,21,77.8,316,25,7.9,23,92
CA,2013,ALL,20-49,3271,2009,768,715,242,284,250,132,359,3162,63.5,2914,133,4.6,120,90.2,2796,293,10.5,265,90.4
CA,2013,ALL,50+,677,334,132,124,46,32,249.5,118,346,654,51.1,614,26,4.2,24,92.3,592,33,5.6,31,93.9
CA,2014,ALL,20-49,2460,1684,552,546,369,217,290,148,414,2384,70.6,2233,381,17.1,359,94.2,2149,346,16.1,314,90.8
CA,2014,ALL,50+,418,286,90,123,38,35,273.5,162.25,354.25,407,70.3,382,47,12.3,43,91.5,379,48,12.7,45,93.8
CA,2015,ALL,20-49,2660,1963,716,492,523,232,278,130,434.5,2599,75.5,2440,583,23.9,535,91.8,2340,429,18.3,369,86
CA,2015,ALL,50+,507,359,156,93,84,26,245,123.5,385.5,489,73.4,470,106,22.6,98,92.5,456,66,14.5,56,84.8
CA,2016,ALL,20-49,3785,2706,907,550,539,710,325,143,518,3702,73.1,3143,1099,35,1009,91.8,2970,621,20.9,514,82.8
CA,2016,ALL,50+,751,510,164,120,96,130,306.5,150.5,511.75,730,69.9,617,191,31,176,92.1,595,133,22.4,121,91
CA,2017,ALL,20-49,2740,1319,477,322,223,297,284,127.5,474.5,2667,49.5,2244,896,39.9,819,91.4,2140,584,27.3,488,83.6
CA,2017,ALL,50+,436,186,93,39,25,29,198.5,101,375.5,426,43.7,374,120,32.1,108,90,368,95,25.8,86,90.5
CA,2018,ALL,20-49,1984,660,223,137,119,181,314,139.25,518.75,1934,34.1,1639,884,53.9,802,90.7,1516,462,30.5,395,85.5
CA,2018,ALL,50+,371,121,46,35,14,26,285,129,441,355,34.1,314,149,47.5,134,89.9,297,106,35.7,91,85.8
CA,2019,ALL,20-49,1276,244,93,47,37,67,288,133.5,520.25,1237,19.7,1000,507,50.7,475,93.7,927,329,35.5,301,91.5
CA,2019,ALL,50+,235,27,*,*,*,*,269,97,653,230,11.7,196,83,42.3,75,90.4,192,57,29.7,52,91.2
CA,2020,ALL,20-49,1044,189,53,48,40,48,332,150,502,1005,18.8,794,409,51.5,389,95.1,717,259,36.1,244,94.2
CA,2020,ALL,50+,206,14,*,*,*,*,225,98,540.5,197,7.1,162,73,45.1,67,91.8,139,45,32.4,42,93.3
CA,2021,ALL,20-49,874,143,32,45,38,28,333,215.5,463.5,857,16.7,616,263,42.7,240,91.3,519,246,47.4,231,93.9
CA,2021,ALL,50+,175,21,*,*,*,*,228,148,592,168,12.5,123,56,45.5,52,92.9,108,45,41.7,42,93.3
CA,2022,ALL,20-49,635,144,42,34,32,36,334,171.25,499.25,623,23.1,236,127,53.8,121,95.3,44,23,52.3,22,95.7
CA,2022,ALL,50+,137,15,*,*,*,*,380,187.5,493,137,10.9,58,32,55.2,30,93.8,14,*,*,*,*
CA,2023,ALL,20-49,220,*,*,*,*,*,*,*,*,145,*,0,0,,0,,**,**,**,**,**
CA,2023,ALL,50+,64,0,,,,,,,,50,0,0,0,,0,,**,**,**,**,**
CA,ALL,Male,20-49,12501,7274,3134,2456,956,728,231,115,343,12239,59.4,10841,2396,22.1,2210,92.2,10327,1664,16.1,1453,87.3
CA,ALL,Male,50+,2816,1528,715,484,190,139,214,104,334,2729,56,2424,467,19.3,423,90.6,2314,346,15,313,90.5
CA,ALL,Female,20-49,24000,14621,5858,4882,1927,1954,249,131,363,23366,62.6,21031,3706,17.6,3403,91.8,20045,2753,13.7,2419,87.9
CA,ALL,Female,50+,3142,1664,657,599,207,201,241,141,348,3072,54.2,2799,542,19.4,500,92.3,2704,387,14.3,348,89.9
CA,2006,Male,20-49,435,302,227,66,*,*,127,57.25,200,430,70.2,407,23,5.7,22,95.7,402,22,5.5,19,86.4
CA,2006,Male,50+,72,44,31,11,*,*,149.5,81.5,209.25,71,62,70,*,*,*,*,67,*,*,*,*
CA,2006,Female,20-49,890,623,451,139,20,13,148,73.5,209.5,881,70.7,844,48,5.7,45,93.8,822,48,5.8,44,91.7
CA,2006,Female,50+,83,50,36,11,*,*,153.5,78.75,220.5,82,61,82,*,*,*,*,82,*,*,*,*
CA,2007,Male,20-49,613,340,234,95,*,*,166.5,85,223,607,56,575,13,2.3,12,92.3,564,*,*,*,*
CA,2007,Male,50+,115,52,34,16,*,0,161.5,99.25,233.75,114,45.6,111,*,*,*,*,108,*,*,*,*
CA,2007,Female,20-49,1519,850,513,247,44,46,177,112,263,1488,57.1,1423,41,2.9,35,85.4,1393,24,1.7,22,91.7
CA,2007,Female,50+,159,87,58,21,*,*,177,115,243,158,55.1,157,*,*,*,*,154,*,*,*,*
CA,2008,Male,20-49,660,445,239,183,14,*,190,99,279,651,68.4,631,16,2.5,16,100,614,19,3.1,17,89.5
CA,2008,Male,50+,126,87,40,43,*,0,212,140,276.5,122,71.3,121,*,*,*,*,117,*,*,*,*
CA,2008,Female,20-49,1361,934,452,402,40,40,206,121,287,1328,70.3,1276,45,3.5,44,97.8,1240,50,4,41,82
CA,2008,Female,50+,112,60,30,29,*,0,201.5,144.75,264,112,53.6,112,*,*,*,*,111,*,*,*,*
CA,2009,Male,20-49,679,514,243,240,22,*,211,115,293.75,670,76.7,650,19,2.9,19,100,632,23,3.6,22,95.7
CA,2009,Male,50+,112,82,46,30,*,*,175.5,102.5,293.25,111,73.9,107,*,*,*,*,105,*,*,*,*
CA,2009,Female,20-49,1415,1129,514,520,66,29,215,124,300,1402,80.5,1357,58,4.3,53,91.4,1320,40,3,35,87.5
CA,2009,Female,50+,128,97,50,41,*,*,198,122,283,127,76.4,125,*,*,*,*,124,*,*,*,*
CA,2010,Male,20-49,777,535,241,248,32,14,220,118,307,770,69.5,743,56,7.5,50,89.3,724,41,5.7,32,78
CA,2010,Male,50+,169,118,57,48,*,*,203,102.5,302,167,70.7,160,12,7.5,*,*,157,12,7.6,11,91.7
CA,2010,Female,20-49,1819,1206,521,519,95,71,230,126.25,315.75,1782,67.7,1699,130,7.7,118,90.8,1662,92,5.5,81,88
CA,2010,Female,50+,199,128,54,58,11,*,224.5,132.5,313.5,195,65.6,188,14,7.4,14,100,185,*,*,*,*
CA,2011,Male,20-49,854,593,253,291,30,19,228,119,310,839,70.7,799,50,6.3,46,92,782,94,12,88,93.6
CA,2011,Male,50+,185,126,61,52,*,*,215,95.75,315.75,185,68.1,181,20,11,19,95,178,13,7.3,12,92.3
CA,2011,Female,20-49,1995,1391,488,615,149,139,262,152,340,1954,71.2,1839,129,7,118,91.5,1791,158,8.8,136,86.1
CA,2011,Female,50+,182,118,40,64,*,*,254.5,172.75,321.75,177,66.7,175,12,6.9,11,91.7,174,13,7.5,11,84.6
CA,2012,Male,20-49,755,586,241,265,45,35,236,130,317,745,78.7,724,47,6.5,40,85.1,710,69,9.7,62,89.9
CA,2012,Male,50+,157,125,66,48,*,*,183,83,311,156,80.1,151,18,11.9,13,72.2,145,16,11,14,87.5
CA,2012,Female,20-49,1780,1385,512,571,154,148,259,141,339,1743,79.5,1646,145,8.8,126,86.9,1598,140,8.8,126,90
CA,2012,Female,50+,182,145,60,62,17,*,219,142,304,181,80.1,173,*,*,*,*,171,*,*,*,*
CA,2013,Male,20-49,1071,666,264,266,67,69,235,123,330.75,1041,64,959,56,5.8,51,91.1,929,125,13.5,114,91.2
CA,2013,Male,50+,337,178,79,62,20,17,217,103,332,322,55.3,303,*,*,*,*,289,17,5.9,16,94.1
CA,2013,Female,20-49,2200,1343,504,449,175,215,258,134.5,383,2121,63.3,1955,77,3.9,69,89.6,1867,168,9,151,89.9
CA,2013,Female,50+,340,156,53,62,26,15,274.5,147.75,364.25,332,47,311,16,5.1,16,100,303,16,5.3,15,93.8
CA,2014,Male,20-49,775,545,192,175,134,44,279,134,393,758,71.9,713,151,21.2,142,94,684,119,17.4,111,93.3
CA,2014,Male,50+,189,131,51,46,19,15,249,138,357,182,72,169,25,14.8,22,88,167,26,15.6,23,88.5
CA,2014,Female,20-49,1685,1139,360,371,235,173,293,155,421,1626,70,1520,230,15.1,217,94.3,1465,227,15.5,203,89.4
CA,2014,Female,50+,229,155,39,77,19,20,282,201,350.5,225,68.9,213,22,10.3,21,95.5,212,22,10.4,22,100
CA,2015,Male,20-49,939,700,256,178,191,75,285,129.25,429.25,919,76.2,869,224,25.8,203,90.6,836,163,19.5,140,85.9
CA,2015,Male,50+,266,184,83,40,52,*,242.5,114,388.5,257,71.6,245,55,22.4,50,90.9,239,34,14.2,31,91.2
CA,2015,Female,20-49,1721,1263,460,314,332,157,272,130,439.5,1680,75.2,1571,359,22.9,332,92.5,1504,266,17.7,229,86.1
CA,2015,Female,50+,241,175,73,53,32,17,245,134.5,377,232,75.4,225,51,22.7,48,94.1,217,32,14.7,25,78.1
CA,2016,Male,20-49,1368,999,373,196,218,212,296,125,472.5,1338,74.7,1116,428,38.4,393,91.8,1052,211,20.1,170,80.6
CA,2016,Male,50+,342,222,86,48,42,46,268.5,124.5,484,329,67.5,269,81,30.1,75,92.6,258,56,21.7,51,91.1
CA,2016,Female,20-49,2417,1707,534,354,321,498,337,155.5,545,2364,72.2,2027,671,33.1,616,91.8,1918,410,21.4,344,83.9
CA,2016,Female,50+,409,288,78,72,54,84,330.5,183.5,556,401,71.8,348,110,31.6,101,91.8,337,77,22.8,70,90.9
CA,2017,Male,20-49,1043,507,183,123,91,110,291,130,462.5,1025,49.5,860,372,43.3,338,90.9,819,229,28,185,80.8
CA,2017,Male,50+,181,77,47,*,*,12,142,68,367,176,43.8,153,44,28.8,38,86.4,152,43,28.3,40,93
CA,2017,Female,20-49,1697,812,294,199,132,187,281,127,478.75,1642,49.5,1384,524,37.9,481,91.8,1321,355,26.9,303,85.4
CA,2017,Female,50+,255,109,46,30,16,17,229,142,386,250,43.6,221,76,34.4,70,92.1,216,52,24.1,46,88.5
CA,2018,Male,20-49,846,252,91,49,43,69,302,118.5,516.5,825,30.5,700,388,55.4,357,92,651,186,28.6,161,86.6
CA,2018,Male,50+,160,58,20,21,*,*,278,144.25,401.5,151,38.4,125,56,44.8,49,87.5,118,48,40.7,40,83.3
CA,2018,Female,20-49,1138,408,132,88,76,112,319,154.75,521,1109,36.8,939,496,52.8,445,89.7,865,276,31.9,234,84.8
CA,2018,Female,50+,211,63,26,14,*,17,294,123,509.5,204,30.9,189,93,49.2,85,91.4,179,58,32.4,51,87.9
CA,2019,Male,20-49,599,109,45,24,16,24,243,127,451,584,18.7,467,238,51,224,94.1,438,144,32.9,129,89.6
CA,2019,Male,50+,115,14,*,*,0,*,278,132.75,661.25,112,12.5,93,41,44.1,38,92.7,90,28,31.1,26,92.9
CA,2019,Female,20-49,677,135,48,23,21,43,345,153,532.5,653,20.7,533,269,50.5,251,93.3,489,185,37.8,172,93
CA,2019,Female,50+,120,13,*,*,*,*,269,85,410,118,11,103,42,40.8,37,88.1,102,29,28.4,26,89.7
CA,2020,Male,20-49,411,71,19,22,17,13,324,162.5,463.5,401,17.7,300,159,53,151,95,275,107,38.9,101,94.4
CA,2020,Male,50+,101,*,*,*,*,*,*,*,*,97,*,74,40,54.1,38,95,65,16,24.6,15,93.8
CA,2020,Female,20-49,633,118,34,26,23,35,346.5,157.25,556.75,604,19.5,494,250,50.6,238,95.2,442,152,34.4,143,94.1
CA,2020,Female,50+,105,*,*,*,*,*,*,*,*,100,*,88,33,37.5,29,87.9,74,29,39.2,27,93.1
CA,2021,Male,20-49,356,51,15,19,*,*,259,182.5,403,349,14.6,238,103,43.3,97,94.2,200,99,49.5,91,91.9
CA,2021,Male,50+,88,12,*,*,*,*,220.5,148,489.5,83,14.5,60,28,46.7,27,96.4,52,17,32.7,16,94.1
CA,2021,Female,20-49,518,92,17,26,30,19,369.5,249,485,508,18.1,378,160,42.3,143,89.4,319,147,46.1,140,95.2
CA,2021,Female,50+,87,*,*,*,*,*,*,*,*,85,*,63,28,44.4,25,89.3,56,28,50,26,92.9
CA,2022,Male,20-49,240,59,18,16,18,*,307,139.5,450.5,235,25.1,90,53,58.9,49,92.5,15,*,*,*,*
CA,2022,Male,50+,71,11,*,*,*,*,391,204,526.5,71,15.5,32,19,59.4,18,94.7,*,*,*,*,*
CA,2022,Female,20-49,395,85,24,18,14,29,355,182,560,388,21.9,146,74,50.7,72,97.3,29,15,51.7,15,100
CA,2022,Female,50+,66,*,*,*,*,*,*,*,*,66,*,26,13,50,12,92.3,*,*,*,*,*
CA,2023,Male,20-49,80,0,,,,,,,,52,0,0,0,,0,,**,**,**,**,**
CA,2023,Male,50+,30,0,,,,,,,,23,0,0,0,,0,,**,**,**,**,**
CA,2023,Female,20-49,140,*,*,*,*,*,*,*,*,93,*,0,0,,0,,**,**,**,**,**
CA,2023,Female,50+,34,0,,,,,,,,27,0,0,0,,0,,**,**,**,**,**
CN,ALL,ALL,ALL,38287,25853,10852,7238,3852,3911,245,104,388,36282,71.3,31615,15691,49.6,13933,88.8,29382,13189,44.9,11485,87.1
CN,2006,ALL,ALL,733,571,438,115,11,*,100,45.5,191.5,696,82,646,308,47.7,282,91.6,637,322,50.5,294,91.3
CN,2007,ALL,ALL,1448,1101,867,170,38,26,119,48,193,1390,79.2,1291,505,39.1,462,91.5,1250,523,41.8,488,93.3
CN,2008,ALL,ALL,1737,1400,914,389,57,40,152,60,243,1677,83.5,1560,570,36.5,532,93.3,1515,616,40.7,564,91.6
CN,2009,ALL,ALL,1997,1712,858,719,92,43,200,86.75,288,1932,88.6,1740,514,29.5,480,93.4,1666,638,38.3,583,91.4
CN,2010,ALL,ALL,1896,1674,843,636,120,75,200,78,299,1812,92.4,1671,636,38.1,592,93.1,1614,607,37.6,562,92.6
CN,2011,ALL,ALL,2265,1988,857,712,230,189,233,87.75,335,2147,92.6,1933,806,41.7,749,92.9,1864,730,39.2,681,93.3
CN,2012,ALL,ALL,2533,2098,844,748,296,210,246,111,349,2387,87.9,2152,755,35.1,701,92.8,2055,683,33.2,627,91.8
CN,2013,ALL,ALL,3137,2090,790,654,353,293,268,125,389,2988,69.9,2683,1006,37.5,925,91.9,2580,895,34.7,837,93.5
CN,2014,ALL,ALL,3438,2557,861,658,635,403,297,146,440,3262,78.4,2948,1046,35.5,938,89.7,2812,1012,36,888,87.7
CN,2015,ALL,ALL,3179,1860,701,451,349,359,271,112,446,2934,63.4,2634,1082,41.1,944,87.2,2534,1194,47.1,1010,84.6
CN,2016,ALL,ALL,3379,1285,496,296,216,277,268,99,465,3079,41.7,2717,1731,63.7,1465,84.6,2598,1304,50.2,1024,78.5
CN,2017,ALL,ALL,3063,1810,605,388,363,454,319,139.25,503.5,2858,63.3,2536,1860,73.3,1585,85.2,2408,1200,49.8,959,79.9
CN,2018,ALL,ALL,2881,1730,511,420,336,463,325,173,517,2798,61.8,2546,1947,76.5,1665,85.5,2284,1446,63.3,1208,83.5
CN,2019,ALL,ALL,2249,1385,388,302,281,414,352,176,550,2204,62.8,1824,1173,64.3,1050,89.5,1554,807,51.9,692,85.7
CN,2020,ALL,ALL,1183,831,249,179,162,241,335,169,529,1145,72.6,963,574,59.6,504,87.8,818,428,52.3,372,86.9
CN,2021,ALL,ALL,1036,690,239,179,108,164,294.5,131,485.75,989,69.8,844,537,63.6,498,92.7,704,428,60.8,390,91.1
CN,2022,ALL,ALL,1231,668,262,138,122,146,279,102.75,465.25,1143,58.4,846,584,69,515,88.2,485,352,72.6,303,86.1
CN,2023,ALL,ALL,878,384,125,79,80,100,330,160,521,818,46.9,81,57,70.4,46,80.7,**,**,**,**,**
CN,2024,ALL,ALL,24,19,*,*,*,*,416,250.5,569,23,82.6,0,0,,0,,**,**,**,**,**
CN,ALL,Male,ALL,22659,16691,7277,4520,2529,2365,238,93,380,21637,77.1,18952,10923,57.6,9912,90.7,17594,9294,52.8,8357,89.9
CN,ALL,Female,ALL,15628,9162,3575,2718,1323,1546,256.5,125,406,14645,62.6,12663,4768,37.7,4021,84.3,11788,3895,33,3128,80.3
CN,ALL,ALL,20-49,33119,22509,9307,6335,3418,3449,248,106,392,31363,71.8,27381,13777,50.3,12215,88.7,25420,11548,45.4,10038,86.9
CN,ALL,ALL,50+,5168,3344,1545,903,434,462,218,94,362,4919,68,4234,1914,45.2,1718,89.8,3962,1641,41.4,1447,88.2
CN,2006,Male,ALL,462,380,299,72,*,*,94,43.75,181.25,441,86.2,407,231,56.8,212,91.8,401,229,57.1,215,93.9
CN,2006,Female,ALL,271,191,139,43,*,*,113,51,206.5,255,74.9,239,77,32.2,70,90.9,236,93,39.4,79,84.9
CN,2007,Male,ALL,823,660,529,98,24,*,106.5,38,186,786,84,731,373,51,346,92.8,703,364,51.8,344,94.5
CN,2007,Female,ALL,625,441,338,72,14,17,136,64,196,604,73,560,132,23.6,116,87.9,547,159,29.1,144,90.6
CN,2008,Male,ALL,1026,851,558,231,39,23,140,51.5,242,996,85.4,927,432,46.6,404,93.5,899,442,49.2,410,92.8
CN,2008,Female,ALL,711,549,356,158,18,17,159,75,244,681,80.6,633,138,21.8,128,92.8,616,174,28.2,154,88.5
CN,2009,Male,ALL,1132,982,517,388,57,20,190,72,281.75,1093,89.8,987,383,38.8,354,92.4,952,438,46,404,92.2
CN,2009,Female,ALL,865,730,341,331,35,23,214,116.25,293.75,839,87,753,131,17.4,126,96.2,714,200,28,179,89.5
CN,2010,Male,ALL,1074,965,511,330,86,38,187,67,293,1034,93.3,953,488,51.2,458,93.9,931,466,50.1,439,94.2
CN,2010,Female,ALL,822,709,332,306,34,37,208,103,305,778,91.1,718,148,20.6,134,90.5,683,141,20.6,123,87.2
CN,2011,Male,ALL,1229,1085,556,365,110,54,192,63,302,1171,92.7,1072,604,56.3,565,93.5,1044,539,51.6,511,94.8
CN,2011,Female,ALL,1036,903,301,347,120,135,267,142,365,976,92.5,861,202,23.5,184,91.1,820,191,23.3,170,89
CN,2012,Male,ALL,1436,1220,567,407,158,88,221.5,81.75,333,1371,89,1248,596,47.8,559,93.8,1198,537,44.8,500,93.1
CN,2012,Female,ALL,1097,878,277,341,138,122,286,160.25,364.75,1016,86.4,904,159,17.6,142,89.3,857,146,17,127,87
CN,2013,Male,ALL,1726,1251,514,385,222,130,253,108.5,366,1662,75.3,1514,750,49.5,699,93.2,1469,684,46.6,645,94.3
CN,2013,Female,ALL,1411,839,276,269,131,163,289,151.5,440.5,1326,63.3,1169,256,21.9,226,88.3,1111,211,19,192,91
CN,2014,Male,ALL,1878,1495,574,410,315,196,264,122,404.5,1801,83,1646,773,47,708,91.6,1591,763,48,690,90.4
CN,2014,Female,ALL,1560,1062,287,248,320,207,347,184,476,1461,72.7,1302,273,21,230,84.2,1221,249,20.4,198,79.5
CN,2015,Male,ALL,1882,1240,490,306,236,208,263,98,429.25,1769,70.1,1627,818,50.3,721,88.1,1573,832,52.9,723,86.9
CN,2015,Female,ALL,1297,620,211,145,113,151,296,152.75,489,1165,53.2,1007,264,26.2,223,84.5,961,362,37.7,287,79.3
CN,2016,Male,ALL,1974,982,387,233,165,197,261.5,93.25,446.75,1803,54.5,1600,1056,66,906,85.8,1538,864,56.2,706,81.7
CN,2016,Female,ALL,1405,303,109,63,51,80,291,122,512.5,1276,23.7,1117,675,60.4,559,82.8,1060,440,41.5,318,72.3
CN,2017,Male,ALL,1905,1284,452,279,265,288,312,130,482.5,1781,72.1,1600,1224,76.5,1078,88.1,1536,850,55.3,733,86.2
CN,2017,Female,ALL,1158,526,153,109,98,166,354,162,565.25,1077,48.8,936,636,67.9,507,79.7,872,350,40.1,226,64.6
CN,2018,Male,ALL,1858,1319,383,345,268,323,319,176,497.5,1816,72.6,1678,1279,76.2,1136,88.8,1494,961,64.3,842,87.6
CN,2018,Female,ALL,1023,411,128,75,68,140,365,148.5,576.5,982,41.9,868,668,77,529,79.2,790,485,61.4,366,75.5
CN,2019,Male,ALL,1500,1044,274,242,222,306,353,189,543,1467,71.2,1195,775,64.9,717,92.5,1008,526,52.2,475,90.3
CN,2019,Female,ALL,749,341,114,60,59,108,340,144,582,737,46.3,629,398,63.3,333,83.7,546,281,51.5,217,77.2
CN,2020,Male,ALL,747,566,174,119,108,165,326.5,160.25,527.5,725,78.1,600,349,58.2,319,91.4,493,278,56.4,248,89.2
CN,2020,Female,ALL,436,265,75,60,54,76,339,180,537,420,63.1,363,225,62,185,82.2,325,150,46.2,124,82.7
CN,2021,Male,ALL,688,529,182,137,85,125,294,130,485,666,79.4,573,379,66.1,358,94.5,461,292,63.3,271,92.8
CN,2021,Female,ALL,348,161,57,42,23,39,295,131,491,323,49.8,271,158,58.3,140,88.6,243,136,56,119,87.5
CN,2022,Male,ALL,790,522,204,115,97,106,278,102.25,447,752,69.4,559,390,69.8,355,91,302,228,75.5,200,87.7
CN,2022,Female,ALL,441,146,58,23,25,40,295.5,103.75,522,391,37.3,287,194,67.6,160,82.5,183,124,67.8,103,83.1
CN,2023,Male,ALL,512,300,104,54,63,79,333,150,521.75,486,61.7,35,23,65.7,17,73.9,**,**,**,**,**
CN,2023,Female,ALL,366,84,21,25,17,21,319,209.25,496.75,332,25.3,46,34,73.9,29,85.3,**,**,**,**,**
CN,2024,Male,ALL,17,16,*,*,*,*,470,255.75,583,17,94.1,0,0,,0,,**,**,**,**,**
CN,2024,Female,ALL,*,*,*,*,*,*,*,*,*,*,*,0,0,,0,,**,**,**,**,**
CN,2006,ALL,20-49,642,504,386,106,*,*,101,45.75,193.5,608,82.9,563,275,48.8,252,91.6,556,291,52.3,264,90.7
CN,2006,ALL,50+,91,67,52,*,*,*,100,42,180,88,76.1,83,33,39.8,30,90.9,81,31,38.3,30,96.8
CN,2007,ALL,20-49,1229,944,739,151,31,23,118,46.75,193,1179,80.1,1101,436,39.6,395,90.6,1069,438,41,408,93.2
CN,2007,ALL,50+,219,157,128,19,*,*,129,57,187,211,74.4,190,69,36.3,67,97.1,181,85,47,80,94.1
CN,2008,ALL,20-49,1483,1198,787,326,51,34,148,59,244,1433,83.6,1330,495,37.2,461,93.1,1293,533,41.2,483,90.6
CN,2008,ALL,50+,254,202,127,63,*,*,169,78.25,237,244,82.8,230,75,32.6,71,94.7,222,83,37.4,81,97.6
CN,2009,ALL,20-49,1706,1463,734,613,78,38,200,87,289,1647,88.8,1494,462,30.9,431,93.3,1431,557,38.9,511,91.7
CN,2009,ALL,50+,291,249,124,106,14,*,202,86,281,285,87.4,246,52,21.1,49,94.2,235,81,34.5,72,88.9
CN,2010,ALL,20-49,1654,1453,733,545,108,67,200,77,300,1580,92,1462,566,38.7,528,93.3,1410,537,38.1,494,92
CN,2010,ALL,50+,242,221,110,91,12,*,202,80,291,232,95.3,209,70,33.5,64,91.4,204,70,34.3,68,97.1
CN,2011,ALL,20-49,1959,1728,729,622,199,178,238,90.75,337.25,1863,92.8,1685,704,41.8,653,92.8,1624,633,39,591,93.4
CN,2011,ALL,50+,306,260,128,90,31,11,204,79.75,318.25,284,91.5,248,102,41.1,96,94.1,240,97,40.4,90,92.8
CN,2012,ALL,20-49,2167,1804,716,654,259,175,248,111.75,348.25,2039,88.5,1846,673,36.5,622,92.4,1763,603,34.2,552,91.5
CN,2012,ALL,50+,366,294,128,94,37,35,230.5,106.25,349.75,348,84.5,306,82,26.8,79,96.3,292,80,27.4,75,93.8
CN,2013,ALL,20-49,2745,1854,689,590,315,260,270,129,387.75,2620,70.8,2354,904,38.4,831,91.9,2265,811,35.8,761,93.8
CN,2013,ALL,50+,392,236,101,64,38,33,239.5,116.25,398,368,64.1,329,102,31,94,92.2,315,84,26.7,76,90.5
CN,2014,ALL,20-49,2898,2149,729,566,540,314,296,145,433,2751,78.1,2489,902,36.2,805,89.2,2376,886,37.3,780,88
CN,2014,ALL,50+,540,408,132,92,95,89,307.5,149.75,482.25,511,79.8,459,144,31.4,133,92.4,436,126,28.9,108,85.7
CN,2015,ALL,20-49,2683,1583,586,392,313,292,276,117,444.5,2474,64,2220,958,43.2,832,86.8,2130,1043,49,874,83.8
CN,2015,ALL,50+,496,277,115,59,36,67,253,84,479,460,60.2,414,124,30,112,90.3,404,151,37.4,136,90.1
CN,2016,ALL,20-49,2950,1129,433,261,189,246,272,99,466,2673,42.2,2371,1492,62.9,1265,84.8,2269,1139,50.2,893,78.4
CN,2016,ALL,50+,429,156,63,35,27,31,257,105.75,439.75,406,38.4,346,239,69.1,200,83.7,329,165,50.2,131,79.4
CN,2017,ALL,20-49,2660,1615,517,345,338,415,331,147,510,2469,65.4,2202,1615,73.3,1384,85.7,2098,1052,50.1,844,80.2
CN,2017,ALL,50+,403,195,88,43,25,39,224,99,437,389,50.1,334,245,73.4,201,82,310,148,47.7,115,77.7
CN,2018,ALL,20-49,2573,1570,449,382,309,430,330,177,522,2503,62.7,2282,1729,75.8,1472,85.1,2044,1290,63.1,1077,83.5
CN,2018,ALL,50+,308,160,62,38,27,33,252.5,110.25,452.5,295,54.2,264,218,82.6,193,88.5,240,156,65,131,84
CN,2019,ALL,20-49,1985,1232,332,264,257,379,360,185.75,556.25,1943,63.4,1595,1025,64.3,915,89.3,1346,696,51.7,592,85.1
CN,2019,ALL,50+,264,153,56,38,24,35,273,120,483,261,58.6,229,148,64.6,135,91.2,208,111,53.4,100,90.1
CN,2020,ALL,20-49,1024,721,213,157,137,214,337,171,536,992,72.7,834,503,60.3,438,87.1,706,361,51.1,313,86.7
CN,2020,ALL,50+,159,110,36,22,25,27,306,166.25,490.5,153,71.9,129,71,55,66,93,112,67,59.8,59,88.1
CN,2021,ALL,20-49,906,615,201,163,99,152,300,136,496,866,71,735,476,64.8,439,92.2,611,365,59.7,334,91.5
CN,2021,ALL,50+,130,75,38,16,*,12,197,109.5,361,123,61,109,61,56,59,96.7,93,63,67.7,56,88.9
CN,2022,ALL,20-49,1087,595,227,123,116,129,286,105.5,469,1009,59,753,516,68.5,455,88.2,425,309,72.7,264,85.4
CN,2022,ALL,50+,144,73,35,15,*,17,208,81,389,134,54.5,93,68,73.1,60,88.2,60,43,71.7,39,90.7
CN,2023,ALL,20-49,750,337,105,72,67,93,333,163,528,696,48.4,65,46,70.8,37,80.4,**,**,**,**,**
CN,2023,ALL,50+,128,47,20,*,13,*,275,99,456,122,38.5,16,11,68.8,*,*,**,**,**,**,**
CN,2024,ALL,20-49,18,15,*,*,*,*,500,278.5,585,18,83.3,0,0,,0,,**,**,**,**,**
CN,2024,ALL,50+,*,*,*,*,*,*,*,*,*,*,*,0,0,,0,,**,**,**,**,**
CN,ALL,Male,20-49,19646,14649,6270,3986,2272,2121,243,96,385,18763,78.1,16474,9690,58.8,8796,90.8,15265,8209,53.8,7390,90
CN,ALL,Male,50+,3013,2042,1007,534,257,244,204,79,347,2874,71.1,2478,1233,49.8,1116,90.5,2329,1085,46.6,967,89.1
CN,ALL,Female,20-49,13473,7860,3037,2349,1146,1328,258,125,406.25,12600,62.4,10907,4087,37.5,3419,83.7,10155,3339,32.9,2648,79.3
CN,ALL,Female,50+,2155,1302,538,369,177,218,240,126,398.75,2045,63.7,1756,681,38.8,602,88.4,1633,556,34,480,86.3
CN,2006,Male,20-49,409,342,272,66,*,0,91.5,43,180.75,390,87.7,359,209,58.2,191,91.4,355,207,58.3,193,93.2
CN,2006,Male,50+,53,38,27,*,*,*,112.5,54,253.5,51,74.5,48,22,45.8,21,95.5,46,22,47.8,22,100
CN,2006,Female,20-49,233,162,114,40,*,*,120,57,215.5,218,74.3,204,66,32.4,61,92.4,201,84,41.8,71,84.5
CN,2006,Female,50+,38,29,25,*,0,*,73,38,173,37,78.4,35,11,31.4,*,*,35,*,*,*,*
CN,2007,Male,20-49,682,557,447,84,18,*,106,37,186,652,85.4,610,316,51.8,291,92.1,589,301,51.1,284,94.4
CN,2007,Male,50+,141,103,82,14,*,*,110,49.5,183.5,134,76.9,121,57,47.1,55,96.5,114,63,55.3,60,95.2
CN,2007,Female,20-49,547,387,292,67,13,15,135,62.5,198.5,527,73.4,491,120,24.4,104,86.7,480,137,28.5,124,90.5
CN,2007,Female,50+,78,54,46,*,*,*,145,89.5,188.75,77,70.1,69,12,17.4,12,100,67,22,32.8,20,90.9
CN,2008,Male,20-49,867,722,478,190,34,20,136,50,244.75,843,85.6,784,376,48,351,93.4,761,383,50.3,352,91.9
CN,2008,Male,50+,159,129,80,41,*,*,159,60,232,153,84.3,143,56,39.2,53,94.6,138,59,42.8,58,98.3
CN,2008,Female,20-49,616,476,309,136,17,14,156,73,242.5,590,80.7,546,119,21.8,110,92.4,532,150,28.2,131,87.3
CN,2008,Female,50+,95,73,47,22,*,*,176,94,246,91,80.2,87,19,21.8,18,94.7,84,24,28.6,23,95.8
CN,2009,Male,20-49,976,850,447,338,48,17,190,72,283.75,940,90.4,859,355,41.3,328,92.4,828,390,47.1,363,93.1
CN,2009,Male,50+,156,132,70,50,*,*,191.5,77.5,268.75,153,86.3,128,28,21.9,26,92.9,124,48,38.7,41,85.4
CN,2009,Female,20-49,730,613,287,275,30,21,214,119,294,707,86.7,635,107,16.9,103,96.3,603,167,27.7,148,88.6
CN,2009,Female,50+,135,117,54,56,*,*,214,97,291,132,88.6,118,24,20.3,23,95.8,111,33,29.7,31,93.9
CN,2010,Male,20-49,924,829,444,275,76,34,181,65,292,890,93.1,826,438,53,412,94.1,807,415,51.4,390,94
CN,2010,Male,50+,150,136,67,55,*,*,202,83,302.5,144,94.4,127,50,39.4,46,92,124,51,41.1,49,96.1
CN,2010,Female,20-49,730,624,289,270,32,33,208,105.75,306.25,690,90.4,636,128,20.1,116,90.6,603,122,20.2,104,85.2
CN,2010,Female,50+,92,85,43,36,*,*,200,80,280,88,96.6,82,20,24.4,18,90,80,19,23.8,19,100
CN,2011,Male,20-49,1046,930,470,321,94,45,196.5,63.25,301.75,1001,92.9,926,530,57.2,495,93.4,904,470,52,446,94.9
CN,2011,Male,50+,183,155,86,44,16,*,167,59,299,170,91.2,146,74,50.7,70,94.6,140,69,49.3,65,94.2
CN,2011,Female,20-49,913,798,259,301,105,133,271,144.25,378.75,862,92.6,759,174,22.9,158,90.8,720,163,22.6,145,89
CN,2011,Female,50+,123,105,42,46,15,*,227,131,322,114,92.1,102,28,27.5,26,92.9,100,28,28,25,89.3
CN,2012,Male,20-49,1221,1042,475,357,140,70,224,82,334,1164,89.5,1064,535,50.3,499,93.3,1020,479,47,445,92.9
CN,2012,Male,50+,215,178,92,50,18,18,188,78,329,207,86,184,61,33.2,60,98.4,178,58,32.6,55,94.8
CN,2012,Female,20-49,946,762,241,297,119,105,287,157.25,362,875,87.1,782,138,17.6,123,89.1,743,124,16.7,107,86.3
CN,2012,Female,50+,151,116,36,44,19,17,275.5,174,384.5,141,82.3,122,21,17.2,19,90.5,114,22,19.3,20,90.9
CN,2013,Male,20-49,1502,1111,458,350,196,107,251,108,360.5,1448,76.7,1320,687,52,641,93.3,1284,631,49.1,599,94.9
CN,2013,Male,50+,224,140,56,35,26,23,277,118.25,423,214,65.4,194,63,32.5,58,92.1,185,53,28.6,46,86.8
CN,2013,Female,20-49,1243,743,231,240,119,153,295,159.5,458,1172,63.4,1034,217,21,190,87.6,981,180,18.3,162,90
CN,2013,Female,50+,168,96,45,29,12,*,222.5,116.25,335.5,154,62.3,135,39,28.9,36,92.3,130,31,23.8,30,96.8
CN,2014,Male,20-49,1576,1260,488,354,270,148,261.5,117.75,395.25,1515,83.2,1387,675,48.7,617,91.4,1341,675,50.3,614,91
CN,2014,Male,50+,302,235,86,56,45,48,276,127,470,286,82.2,259,98,37.8,91,92.9,250,88,35.2,76,86.4
CN,2014,Female,20-49,1322,889,241,212,270,166,344,183,473,1236,71.9,1102,227,20.6,188,82.8,1035,211,20.4,166,78.7
CN,2014,Female,50+,238,173,46,36,50,41,359,192,494,225,76.9,200,46,23,42,91.3,186,38,20.4,32,84.2
CN,2015,Male,20-49,1616,1079,417,270,213,179,269,105.5,429.5,1525,70.8,1406,739,52.6,650,88,1358,740,54.5,641,86.6
CN,2015,Male,50+,266,161,73,36,23,29,232,62,428,244,66,221,79,35.7,71,89.9,215,92,42.8,82,89.1
CN,2015,Female,20-49,1067,504,169,122,100,113,296,153.75,477,949,53.1,814,219,26.9,182,83.1,772,303,39.2,233,76.9
CN,2015,Female,50+,230,116,42,23,13,38,295,134,578.75,216,53.7,193,45,23.3,41,91.1,189,59,31.2,54,91.5
CN,2016,Male,20-49,1716,878,344,207,148,179,263,97.25,450.25,1559,56.3,1389,909,65.4,786,86.5,1335,759,56.9,620,81.7
CN,2016,Male,50+,258,104,43,26,17,18,252,71.75,405.75,244,42.6,211,147,69.7,120,81.6,203,105,51.7,86,81.9
CN,2016,Female,20-49,1234,251,89,54,41,67,292,101.5,516.5,1114,22.5,982,583,59.4,479,82.2,934,380,40.7,273,71.8
CN,2016,Female,50+,171,52,20,*,*,13,266.5,165.25,496.5,162,32.1,135,92,68.1,80,87,126,60,47.6,45,75
CN,2017,Male,20-49,1656,1154,386,251,249,268,323,139,490,1540,74.9,1394,1069,76.7,950,88.9,1340,747,55.7,647,86.6
CN,2017,Male,50+,249,130,66,28,16,20,192,88.25,396,241,53.9,206,155,75.2,128,82.6,196,103,52.6,86,83.5
CN,2017,Female,20-49,1004,461,131,94,89,147,364,167,577,929,49.6,808,546,67.6,434,79.5,758,305,40.2,197,64.6
CN,2017,Female,50+,154,65,22,15,*,19,308,157,528,148,43.9,128,90,70.3,73,81.1,114,45,39.5,29,64.4
CN,2018,Male,20-49,1683,1216,337,318,251,310,327,185.75,507,1648,73.8,1525,1151,75.5,1022,88.8,1358,869,64,764,87.9
CN,2018,Male,50+,175,103,46,27,17,13,235,85,363.5,168,61.3,153,128,83.7,114,89.1,136,92,67.6,78,84.8
CN,2018,Female,20-49,890,354,112,64,58,120,359.5,144,577.75,855,41.4,757,578,76.4,450,77.9,686,421,61.4,313,74.3
CN,2018,Female,50+,133,57,16,11,*,20,423,185,546,127,44.9,111,90,81.1,79,87.8,104,64,61.5,53,82.8
CN,2019,Male,20-49,1350,951,238,213,210,290,362,200.5,550.5,1318,72.2,1064,686,64.5,632,92.1,888,454,51.1,409,90.1
CN,2019,Male,50+,150,93,36,29,12,16,261,103,378,149,62.4,131,89,67.9,85,95.5,120,72,60,66,91.7
CN,2019,Female,20-49,635,281,94,51,47,89,334,144,596,625,45,531,339,63.8,283,83.5,458,242,52.8,183,75.6
CN,2019,Female,50+,114,60,20,*,12,19,395.5,136.25,571.5,112,53.6,98,59,60.2,50,84.7,88,39,44.3,34,87.2
CN,2020,Male,20-49,651,497,149,107,92,149,327,164,533,631,78.8,524,307,58.6,280,91.2,427,237,55.5,213,89.9
CN,2020,Male,50+,96,69,25,12,16,16,297,128,465,94,73.4,76,42,55.3,39,92.9,66,41,62.1,35,85.4
CN,2020,Female,20-49,373,224,64,50,45,65,342.5,179.75,540,361,62,310,196,63.2,158,80.6,279,124,44.4,100,80.6
CN,2020,Female,50+,63,41,11,*,*,11,324,183,518,59,69.5,53,29,54.7,27,93.1,46,26,56.5,24,92.3
CN,2021,Male,20-49,605,475,153,128,77,117,300,140.5,496,587,80.9,503,338,67.2,317,93.8,402,252,62.7,235,93.3
CN,2021,Male,50+,83,54,29,*,*,*,179.5,73.5,365.5,79,68.4,70,41,58.6,41,100,59,40,67.8,36,90
CN,2021,Female,20-49,301,140,48,35,22,35,303,130,496.5,279,50.2,232,138,59.5,122,88.4,209,113,54.1,99,87.6
CN,2021,Female,50+,47,21,*,*,*,*,278,131,334,44,47.7,39,20,51.3,18,90,34,23,67.6,20,87
CN,2022,Male,20-49,704,475,180,105,93,97,284,106.5,450,672,70.7,505,351,69.5,320,91.2,267,199,74.5,174,87.4
CN,2022,Male,50+,86,47,24,*,*,*,187,79.5,362.5,80,58.8,54,39,72.2,35,89.7,35,29,82.9,26,89.7
CN,2022,Female,20-49,383,120,47,18,23,32,308.5,102.75,518,337,35.6,248,165,66.5,135,81.8,158,110,69.6,90,81.8
CN,2022,Female,50+,58,26,11,*,*,*,213.5,107.5,522.25,54,48.1,39,29,74.4,25,86.2,25,14,56,13,92.9
CN,2023,Male,20-49,448,268,86,50,56,76,341,160.75,538.25,426,62.9,29,19,65.5,14,73.7,**,**,**,**,**
CN,2023,Male,50+,64,32,18,*,*,*,183,85.5,385.25,60,53.3,*,*,*,*,*,**,**,**,**,**
CN,2023,Female,20-49,302,69,19,22,11,17,298,182,494,270,25.6,36,27,75,23,85.2,**,**,**,**,**
CN,2023,Female,50+,64,15,*,*,*,*,436,278.5,530.5,62,24.2,*,*,*,*,*,**,**,**,**,**
CN,2024,Male,20-49,14,13,*,*,*,*,538,416,589,14,92.9,0,0,,0,,**,**,**,**,**
CN,2024,Male,50+,*,*,*,*,*,*,*,*,*,*,*,0,0,,0,,**,**,**,**,**
CN,2024,Female,20-49,*,*,*,*,*,*,*,*,*,*,*,0,0,,0,,**,**,**,**,**
CN,2024,Female,50+,*,*,*,*,*,*,*,*,*,*,*,0,0,,0,,**,**,**,**,**
EA,ALL,ALL,ALL,229002,135991,69178,36226,15982,14605,197,92,333.84,218767,62.2,178182,41257,23.2,37018,89.7,162619,30309,18.6,26553,87.6
EA,2006,ALL,ALL,9605,7204,6198,771,119,116,100,44,167,9364,76.9,7993,103,1.3,89,86.4,7507,237,3.2,193,81.4
EA,2007,ALL,ALL,13104,10795,8654,1531,349,261,117,52,186,12729,84.8,10550,165,1.6,149,90.3,9694,233,2.4,179,76.8
EA,2008,ALL,ALL,12346,9502,6790,2008,339,365,140,63,213,12055,78.8,10128,185,1.8,149,80.5,9456,278,2.9,216,77.7
EA,2009,ALL,ALL,13857,10451,7262,2458,353,378,146.62,69,219.515,13565,77,11583,119,1,95,79.8,10801,272,2.5,198,72.8
EA,2010,ALL,ALL,14998,12318,7420,3697,637,564,169,78,255,14634,84.2,12693,123,1,83,67.5,11847,292,2.5,181,62
EA,2011,ALL,ALL,16356,13505,6841,5127,851,686,198,93,291,15882,85,13767,209,1.5,138,66,12876,317,2.5,159,50.2
EA,2012,ALL,ALL,17513,14367,6688,5655,1129,895,215,105,312,16992,84.6,14119,477,3.4,356,74.6,12833,683,5.3,500,73.2
EA,2013,ALL,ALL,15514,11150,4096,4016,1728,1310,262,136,366,14950,74.6,12489,912,7.3,764,83.8,11678,1258,10.8,1058,84.1
EA,2014,ALL,ALL,17635,9437,2711,2602,2741,1383,321,175,444,17021,55.4,14756,2854,19.3,2519,88.3,13834,3525,25.5,3060,86.8
EA,2015,ALL,ALL,14894,8998,3122,2319,2405,1152,290,142,430,14361,62.7,12095,4212,34.8,3663,87,11284,3703,32.8,3132,84.6
EA,2016,ALL,ALL,15003,7399,2328,1656,1743,1672,326,156.01,487,14448,51.2,11908,6514,54.7,5560,85.4,10974,3881,35.4,3283,84.6
EA,2017,ALL,ALL,13365,4550,1488,908,792,1362,329,143,547,12599,36.1,10014,5542,55.3,4874,87.9,9274,3038,32.8,2607,85.8
EA,2018,ALL,ALL,12169,3141,1005,655,588,893,329,149,530,11282,27.8,8886,5394,60.7,4886,90.6,8191,3596,43.9,3278,91.2
EA,2019,ALL,ALL,12837,3730,1219,797,650,1064,324,143.25,536,11896,31.4,9560,5450,57,5095,93.5,8548,3708,43.4,3477,93.8
EA,2020,ALL,ALL,11085,3267,1099,699,550,919,312,141.5,536.5,10184,32.1,8066,4588,56.9,4381,95.5,7332,2254,30.7,2157,95.7
EA,2021,ALL,ALL,9040,2529,934,501,411,683,292,130,518,8398,30.1,6416,2348,36.6,2246,95.7,5323,2508,47.1,2373,94.6
EA,2022,ALL,ALL,7284,2712,971,596,441,704,289,136,509,6607,41,3159,2062,65.3,1971,95.6,1167,526,45.1,502,95.4
EA,2023,ALL,ALL,2397,936,352,230,156,198,265,119,458,1800,52,0,0,,0,,**,**,**,**,**
EA,ALL,Male,ALL,83582,49988,28262,12584,5375,3767,175,72.2925,304,79280,63.1,63468,15161,23.9,13501,89.1,57508,10871,18.9,9386,86.3
EA,ALL,Female,ALL,145420,86003,40916,23642,10607,10838,211,105,350,139487,61.7,114714,26096,22.7,23517,90.1,105111,19438,18.5,17167,88.3
EA,ALL,ALL,20-49,202037,120354,60887,31789,14344,13334,198,91.635,337,192977,62.4,157097,35580,22.6,31919,89.7,143184,26334,18.4,23061,87.6
EA,ALL,ALL,50+,26965,15637,8291,4437,1638,1271,190,95,311,25790,60.6,21085,5677,26.9,5099,89.8,19435,3975,20.5,3492,87.8
EA,2006,Male,ALL,3551,2559,2270,233,31,25,88,34,155.5,3448,74.2,2858,41,1.4,36,87.8,2660,102,3.8,81,79.4
EA,2006,Female,ALL,6054,4645,3928,538,88,91,108,49,173,5916,78.5,5135,62,1.2,53,85.5,4847,135,2.8,112,83
EA,2007,Male,ALL,4536,3624,3036,451,87,50,100,40,172,4365,83,3516,64,1.8,58,90.6,3197,97,3,72,74.2
EA,2007,Female,ALL,8568,7171,5618,1080,262,211,125,61,192,8364,85.7,7034,101,1.4,91,90.1,6497,136,2.1,107,78.7
EA,2008,Male,ALL,4305,3342,2575,621,81,65,121,49,194,4165,80.2,3430,63,1.8,48,76.2,3181,114,3.6,91,79.8
EA,2008,Female,ALL,8041,6160,4215,1387,258,300,150,74,228,7890,78.1,6698,122,1.8,101,82.8,6275,164,2.6,125,76.2
EA,2009,Male,ALL,4914,3707,2812,733,81,81,126,50,197,4765,77.8,4061,46,1.1,35,76.1,3743,111,3,81,73
EA,2009,Female,ALL,8943,6744,4450,1725,272,297,157.37,80,232,8800,76.6,7522,73,1,60,82.2,7058,161,2.3,117,72.7
EA,2010,Male,ALL,5266,4332,2987,1124,144,77,140,58,223,5114,84.7,4326,39,0.9,24,61.5,3995,102,2.6,63,61.8
EA,2010,Female,ALL,9732,7986,4433,2573,493,487,184,94,272,9520,83.9,8367,84,1,59,70.2,7852,190,2.4,118,62.1
EA,2011,Male,ALL,5700,4645,2754,1565,213,113,166,68,264,5469,84.9,4600,92,2,56,60.9,4264,131,3.1,62,47.3
EA,2011,Female,ALL,10656,8860,4087,3562,638,573,215,111,303.14,10413,85.1,9167,117,1.3,82,70.1,8612,186,2.2,97,52.2
EA,2012,Male,ALL,6119,4990,2724,1839,282,145,185,81,285.75,5879,84.9,4770,198,4.2,144,72.7,4329,272,6.3,203,74.6
EA,2012,Female,ALL,11394,9377,3964,3816,847,750,232,122,323,11113,84.4,9349,279,3,212,76,8504,411,4.8,297,72.3
EA,2013,Male,ALL,5350,4015,1707,1478,552,278,235,107,334,5124,78.4,4248,321,7.6,261,81.3,3961,436,11,358,82.1
EA,2013,Female,ALL,10164,7135,2389,2538,1176,1032,277,154,398,9826,72.6,8241,591,7.2,503,85.1,7717,822,10.7,700,85.2
EA,2014,Male,ALL,6433,3729,1265,1065,1001,398,286,150,411,6194,60.2,5324,975,18.3,854,87.6,4982,1215,24.4,1027,84.5
EA,2014,Female,ALL,11202,5708,1446,1537,1740,985,341.5,198,460,10827,52.7,9432,1879,19.9,1665,88.6,8852,2310,26.1,2033,88
EA,2015,Male,ALL,5558,3530,1480,907,838,305,246,110.0375,390,5348,66,4421,1548,35,1329,85.9,4081,1339,32.8,1116,83.3
EA,2015,Female,ALL,9336,5468,1642,1412,1567,847,318,163.805,453,9013,60.7,7674,2664,34.7,2334,87.6,7203,2364,32.8,2016,85.3
EA,2016,Male,ALL,5680,2987,1132,703,670,482,277.39,121,437.17,5461,54.7,4455,2343,52.6,1958,83.6,4074,1385,34,1128,81.4
EA,2016,Female,ALL,9323,4412,1196,953,1073,1190,360,184.8775,521,8987,49.1,7453,4171,56,3602,86.4,6900,2496,36.2,2155,86.3
EA,2017,Male,ALL,5244,1871,759,401,319,392,261,110,460,4905,38.1,3831,2052,53.6,1773,86.4,3537,1118,31.6,923,82.6
EA,2017,Female,ALL,8121,2679,729,507,473,970,379.35,183.5,613.5,7694,34.8,6183,3490,56.4,3101,88.9,5737,1920,33.5,1684,87.7
EA,2018,Male,ALL,4706,1326,504,300,230,292,278,122.25,464.75,4333,30.6,3363,2045,60.8,1862,91.1,3094,1355,43.8,1244,91.8
EA,2018,Female,ALL,7463,1815,501,355,358,601,370,176,575.5,6949,26.1,5523,3349,60.6,3024,90.3,5097,2241,44,2034,90.8
EA,2019,Male,ALL,5048,1538,601,333,275,329,275,105.25,464,4637,33.2,3725,2071,55.6,1951,94.2,3313,1287,38.8,1216,94.5
EA,2019,Female,ALL,7789,2192,618,464,375,735,355,177,592,7259,30.2,5835,3379,57.9,3144,93,5235,2421,46.2,2261,93.4
EA,2020,Male,ALL,4125,1303,541,291,202,269,255,105.5,453,3757,34.7,2931,1602,54.7,1524,95.1,2651,722,27.2,691,95.7
EA,2020,Female,ALL,6960,1964,558,408,348,650,355,171,587,6427,30.6,5135,2986,58.1,2857,95.7,4681,1532,32.7,1466,95.7
EA,2021,Male,ALL,3447,1045,488,213,149,195,230,99,423,3183,32.8,2430,895,36.8,857,95.8,2005,909,45.3,861,94.7
EA,2021,Female,ALL,5593,1484,446,288,262,488,357,163.75,575.75,5215,28.5,3986,1453,36.5,1389,95.6,3318,1599,48.2,1512,94.6
EA,2022,Male,ALL,2725,1086,457,239,173,217,240.5,100,454.5,2476,43.9,1179,766,65,731,95.4,441,176,39.9,169,96
EA,2022,Female,ALL,4559,1626,514,357,268,487,321,169,555.5,4131,39.4,1980,1296,65.5,1240,95.7,726,350,48.2,333,95.1
EA,2023,Male,ALL,875,359,170,88,47,54,212,93,378.5,657,54.6,0,0,,0,,**,**,**,**,**
EA,2023,Female,ALL,1522,577,182,142,109,144,312,153,500,1143,50.5,0,0,,0,,**,**,**,**,**
EA,2006,ALL,20-49,8635,6458,5558,685,111,104,100,42,166,8422,76.7,7195,90,1.3,78,86.7,6757,202,3,161,79.7
EA,2006,ALL,50+,970,746,640,86,*,12,105,56,170,942,79.2,798,13,1.6,11,84.6,750,35,4.7,32,91.4
EA,2007,ALL,20-49,11729,9642,7725,1358,320,239,116,52,186,11393,84.6,9447,151,1.6,136,90.1,8675,208,2.4,159,76.4
EA,2007,ALL,50+,1375,1153,929,173,29,22,125,61,187,1336,86.3,1103,14,1.3,13,92.9,1019,25,2.5,20,80
EA,2008,ALL,20-49,11091,8536,6104,1780,307,345,139,62,214,10834,78.8,9113,170,1.9,137,80.6,8507,240,2.8,185,77.1
EA,2008,ALL,50+,1255,966,686,228,32,20,147,77,212.75,1221,79.1,1015,15,1.5,12,80,949,38,4,31,81.6
EA,2009,ALL,20-49,12244,9255,6402,2178,322,353,146,68,220.47,11986,77.2,10199,103,1,81,78.6,9504,212,2.2,151,71.2
EA,2009,ALL,50+,1613,1196,860,280,31,25,150,76,212,1579,75.7,1384,16,1.2,14,87.5,1297,60,4.6,47,78.3
EA,2010,ALL,20-49,13199,10815,6492,3206,584,533,169,77,257,12881,84,11181,106,0.9,74,69.8,10420,246,2.4,150,61
EA,2010,ALL,50+,1799,1503,928,491,53,31,169,87.5,244,1753,85.7,1512,17,1.1,*,*,1427,46,3.2,31,67.4
EA,2011,ALL,20-49,14265,11784,5948,4435,773,628,199,93,293,13857,85,12012,177,1.5,120,67.8,11219,266,2.4,128,48.1
EA,2011,ALL,50+,2091,1721,893,692,78,58,195,98,279,2025,85,1755,32,1.8,18,56.2,1657,51,3.1,31,60.8
EA,2012,ALL,20-49,15393,12640,5903,4909,998,830,215,105,313,14927,84.7,12401,421,3.4,316,75.1,11292,575,5.1,416,72.3
EA,2012,ALL,50+,2120,1727,785,746,131,65,217,111,309,2065,83.6,1718,56,3.3,40,71.4,1541,108,7,84,77.8
EA,2013,ALL,20-49,13742,9869,3580,3522,1570,1197,264,138,374,13237,74.6,11047,773,7,642,83.1,10323,1054,10.2,877,83.2
EA,2013,ALL,50+,1772,1281,516,494,158,113,245,124,334,1713,74.8,1442,139,9.6,122,87.8,1355,204,15.1,181,88.7
EA,2014,ALL,20-49,15649,8465,2420,2313,2444,1288,323,176,447,15088,56.1,13062,2407,18.4,2122,88.2,12219,3055,25,2655,86.9
EA,2014,ALL,50+,1986,972,291,289,297,95,307.5,169.75,423,1933,50.3,1694,447,26.4,397,88.8,1615,470,29.1,405,86.2
EA,2015,ALL,20-49,13148,8024,2741,2081,2141,1061,293,144,433,12667,63.3,10657,3580,33.6,3107,86.8,9923,3270,33,2769,84.7
EA,2015,ALL,50+,1746,974,381,238,264,91,270.5,131,410.75,1694,57.5,1438,632,43.9,556,88,1361,433,31.8,363,83.8
EA,2016,ALL,20-49,13082,6541,2041,1470,1556,1474,327,158,487,12580,52,10337,5566,53.8,4755,85.4,9513,3331,35,2834,85.1
EA,2016,ALL,50+,1921,858,287,186,187,198,318.76,147,486.5,1868,45.9,1571,948,60.3,805,84.9,1461,550,37.6,449,81.6
EA,2017,ALL,20-49,11742,4006,1271,802,715,1218,336,151,549.75,11057,36.2,8770,4807,54.8,4234,88.1,8085,2653,32.8,2281,86
EA,2017,ALL,50+,1623,544,217,106,77,144,274.525,109.225,528,1542,35.3,1244,735,59.1,640,87.1,1189,385,32.4,326,84.7
EA,2018,ALL,20-49,10752,2776,857,575,533,811,337,156.75,540.25,9947,27.9,7824,4679,59.8,4236,90.5,7185,3109,43.3,2824,90.8
EA,2018,ALL,50+,1417,365,148,80,55,82,264,105,463,1335,27.3,1062,715,67.3,650,90.9,1006,487,48.4,454,93.2
EA,2019,ALL,20-49,11337,3317,1045,713,585,974,330,152,546,10492,31.6,8427,4729,56.1,4410,93.3,7514,3297,43.9,3080,93.4
EA,2019,ALL,50+,1500,413,174,84,65,90,245,102,457,1404,29.4,1133,721,63.6,685,95,1034,411,39.7,397,96.6
EA,2020,ALL,20-49,9813,2867,919,605,492,851,327,151,549,9037,31.7,7130,4026,56.5,3839,95.4,6464,2010,31.1,1924,95.7
EA,2020,ALL,50+,1272,400,180,94,58,68,220.5,102.75,423,1147,34.9,936,562,60,542,96.4,868,244,28.1,233,95.5
EA,2021,ALL,20-49,7882,2212,781,436,362,633,307,138,536.25,7326,30.2,5586,2053,36.8,1966,95.8,4594,2154,46.9,2033,94.4
EA,2021,ALL,50+,1158,317,153,65,49,50,214,97,396,1072,29.6,830,295,35.5,280,94.9,729,354,48.6,340,96
EA,2022,ALL,20-49,6321,2358,821,517,393,627,296.5,141.25,519.75,5740,41.1,2709,1742,64.3,1666,95.6,990,452,45.7,434,96
EA,2022,ALL,50+,963,354,150,79,48,77,234,110,468,867,40.8,450,320,71.1,305,95.3,177,74,41.8,68,91.9
EA,2023,ALL,20-49,2013,789,279,204,138,168,276,131,458,1506,52.4,0,0,,0,,**,**,**,**,**
EA,2023,ALL,50+,384,147,73,26,18,30,201,98,445,294,50,0,0,,0,,**,**,**,**,**
EA,ALL,Male,20-49,70693,42460,23957,10644,4620,3239,175,71,306,67072,63.3,53689,12620,23.5,11235,89,48554,9022,18.6,7796,86.4
EA,ALL,Male,50+,12889,7528,4305,1940,755,528,174,79,294.9475,12208,61.7,9779,2541,26,2266,89.2,8954,1849,20.6,1590,86
EA,ALL,Female,20-49,131344,77894,36930,21145,9724,10095,213,104,354,125905,61.9,103408,22960,22.2,20684,90.1,94630,17312,18.3,15265,88.2
EA,ALL,Female,50+,14076,8109,3986,2497,883,743,204,111,324,13582,59.7,11306,3136,27.7,2833,90.3,10481,2126,20.3,1902,89.5
EA,2006,Male,20-49,3047,2188,1950,192,27,19,85,32,153.25,2962,73.9,2457,31,1.3,28,90.3,2291,82,3.6,64,78
EA,2006,Male,50+,504,371,320,41,*,*,101,54,168,486,76.3,401,*,*,*,*,369,20,5.4,17,85
EA,2006,Female,20-49,5588,4270,3608,493,84,85,107,48,173,5460,78.2,4738,59,1.2,50,84.7,4466,120,2.7,97,80.8
EA,2006,Female,50+,466,375,320,45,*,*,113,62,172.5,456,82.2,397,*,*,*,*,381,15,3.9,15,100
EA,2007,Male,20-49,3839,3056,2567,376,71,42,99,38,170.25,3691,82.8,2980,57,1.9,51,89.5,2705,80,3,58,72.5
EA,2007,Male,50+,697,568,469,75,16,*,111,46.75,180.25,674,84.3,536,*,*,*,*,492,17,3.5,14,82.4
EA,2007,Female,20-49,7890,6586,5158,982,249,197,123,59,192,7702,85.5,6467,94,1.5,85,90.4,5970,128,2.1,101,78.9
EA,2007,Female,50+,678,585,460,98,13,14,139,74,193,662,88.4,567,*,*,*,*,527,*,*,*,*
EA,2008,Male,20-49,3627,2816,2196,500,67,53,117,46,191,3513,80.2,2897,53,1.8,40,75.5,2687,92,3.4,73,79.3
EA,2008,Male,50+,678,526,379,121,14,12,143,67,207.5,652,80.7,533,*,*,*,*,494,22,4.5,18,81.8
EA,2008,Female,20-49,7464,5720,3908,1280,240,292,150,73,228,7321,78.1,6216,117,1.9,97,82.9,5820,148,2.5,112,75.7
EA,2008,Female,50+,577,440,307,107,18,*,148,85,219,569,77.3,482,*,*,*,*,455,16,3.5,13,81.2
EA,2009,Male,20-49,4112,3113,2363,609,69,72,123,47,197,3986,78.1,3388,38,1.1,29,76.3,3117,76,2.4,54,71.1
EA,2009,Male,50+,802,594,449,124,12,*,138.395,64.18,198.99,779,76.3,673,*,*,*,*,626,35,5.6,27,77.1
EA,2009,Female,20-49,8132,6142,4039,1569,253,281,157.87,79,233,8000,76.8,6811,65,1,52,80,6387,136,2.1,97,71.3
EA,2009,Female,50+,811,602,411,156,19,16,157,92,221.8725,800,75.2,711,*,*,*,*,671,25,3.7,20,80
EA,2010,Male,20-49,4420,3631,2519,930,117,65,138,56,223,4293,84.6,3626,30,0.8,20,66.7,3340,85,2.5,55,64.7
EA,2010,Male,50+,846,701,468,194,27,12,146,71,228,821,85.4,700,*,*,*,*,655,17,2.6,*,*
EA,2010,Female,20-49,8779,7184,3973,2276,467,468,184,93,275,8588,83.7,7555,76,1,54,71.1,7080,161,2.3,95,59
EA,2010,Female,50+,953,802,460,297,26,19,182.5,106,255,932,86.1,812,*,*,*,*,772,29,3.8,23,79.3
EA,2011,Male,20-49,4742,3855,2290,1295,176,94,166,66,263,4550,84.7,3820,72,1.9,44,61.1,3532,100,2.8,46,46
EA,2011,Male,50+,958,790,464,270,37,19,166.5,76,264.1425,919,86,780,20,2.6,12,60,732,31,4.2,16,51.6
EA,2011,Female,20-49,9523,7929,3658,3140,597,534,215,109,305,9307,85.2,8192,105,1.3,76,72.4,7687,166,2.2,82,49.4
EA,2011,Female,50+,1133,931,429,422,41,39,214,123,292,1106,84.2,975,12,1.2,*,*,925,20,2.2,15,75
EA,2012,Male,20-49,5140,4198,2325,1527,226,120,181,78,284,4937,85,4005,168,4.2,124,73.8,3652,215,5.9,162,75.3
EA,2012,Male,50+,979,792,399,312,56,25,199,94,298,942,84.1,765,30,3.9,20,66.7,677,57,8.4,41,71.9
EA,2012,Female,20-49,10253,8442,3578,3382,772,710,232,121,325,9990,84.5,8396,253,3,192,75.9,7640,360,4.7,254,70.6
EA,2012,Female,50+,1141,935,386,434,75,40,233,134,315,1123,83.3,953,26,2.7,20,76.9,864,51,5.9,43,84.3
EA,2013,Male,20-49,4548,3416,1456,1254,479,227,235,106,334,4353,78.5,3613,267,7.4,215,80.5,3364,356,10.6,290,81.5
EA,2013,Male,50+,802,599,251,224,73,51,234,113.5,334,771,77.7,635,54,8.5,46,85.2,597,80,13.4,68,85
EA,2013,Female,20-49,9194,6453,2124,2268,1091,970,281,157,406,8884,72.6,7434,506,6.8,427,84.4,6959,698,10,587,84.1
EA,2013,Female,50+,970,682,265,270,85,62,254.5,136.25,335,942,72.4,807,85,10.5,76,89.4,758,124,16.4,113,91.1
EA,2014,Male,20-49,5524,3263,1108,929,870,356,286,149,412,5316,61.4,4568,808,17.7,707,87.5,4265,1012,23.7,861,85.1
EA,2014,Male,50+,909,466,157,136,131,42,281,156,408.5,878,53.1,756,167,22.1,147,88,717,203,28.3,166,81.8
EA,2014,Female,20-49,10125,5202,1312,1384,1574,932,343,199,464,9772,53.2,8494,1599,18.8,1415,88.5,7954,2043,25.7,1794,87.8
EA,2014,Female,50+,1077,506,134,153,166,53,329,187,435.5,1055,48,938,280,29.9,250,89.3,898,267,29.7,239,89.5
EA,2015,Male,20-49,4771,3095,1286,814,728,267,247,110.075,388.5,4595,67.4,3800,1293,34,1103,85.3,3499,1159,33.1,974,84
EA,2015,Male,50+,787,435,194,93,110,38,241,110,397,753,57.8,621,255,41.1,226,88.6,582,180,30.9,142,78.9
EA,2015,Female,20-49,8377,4929,1455,1267,1413,794,321,166,456,8072,61.1,6857,2287,33.4,2004,87.6,6424,2111,32.9,1795,85
EA,2015,Female,50+,959,539,187,145,154,53,284,143.5,421.205,941,57.3,817,377,46.1,330,87.5,779,253,32.5,221,87.4
EA,2016,Male,20-49,4850,2599,983,617,590,409,278,121.98,436.665,4657,55.8,3789,1946,51.4,1630,83.8,3457,1158,33.5,949,82
EA,2016,Male,50+,830,388,149,86,80,73,276,115.5,446.79,804,48.3,666,397,59.6,328,82.6,617,227,36.8,179,78.9
EA,2016,Female,20-49,8232,3942,1058,853,966,1065,362,187,521.5125,7923,49.8,6548,3620,55.3,3125,86.3,6056,2173,35.9,1885,86.7
EA,2016,Female,50+,1091,470,138,100,107,125,347.385,166.6825,513.84,1064,44.2,905,551,60.9,477,86.6,844,323,38.3,270,83.6
EA,2017,Male,20-49,4491,1605,632,353,278,342,270,114,464,4209,38.1,3273,1747,53.4,1510,86.4,3008,943,31.3,778,82.5
EA,2017,Male,50+,753,266,127,48,41,50,210.635,90.3175,411.06,696,38.2,558,305,54.7,263,86.2,529,175,33.1,145,82.9
EA,2017,Female,20-49,7251,2401,639,449,437,876,390,190,615,6848,35.1,5497,3060,55.7,2724,89,5077,1710,33.7,1503,87.9
EA,2017,Female,50+,870,278,90,58,36,94,325.5,126.65,604.5,846,32.9,686,430,62.7,377,87.7,660,210,31.8,181,86.2
EA,2018,Male,20-49,3983,1128,422,258,205,243,282,125,463.25,3655,30.9,2835,1690,59.6,1541,91.2,2603,1098,42.2,1003,91.3
EA,2018,Male,50+,723,198,82,42,25,49,256,99.25,497,678,29.2,528,355,67.2,321,90.4,491,257,52.3,241,93.8
EA,2018,Female,20-49,6769,1648,435,317,328,568,378,185.75,588.25,6292,26.2,4989,2989,59.9,2695,90.2,4582,2011,43.9,1821,90.6
EA,2018,Female,50+,694,167,66,38,30,33,268,111.5,447.5,657,25.4,534,360,67.4,329,91.4,515,230,44.7,213,92.6
EA,2019,Male,20-49,4295,1329,513,287,236,293,279,109,474,3937,33.8,3153,1727,54.8,1628,94.3,2792,1081,38.7,1020,94.4
EA,2019,Male,50+,753,209,88,46,39,36,253,89,408,700,29.9,572,344,60.1,323,93.9,521,206,39.5,196,95.1
EA,2019,Female,20-49,7042,1988,532,426,349,681,365.5,189.75,600,6555,30.3,5274,3002,56.9,2782,92.7,4722,2216,46.9,2060,93
EA,2019,Female,50+,747,204,86,38,26,54,238.5,119,518.75,704,29,561,377,67.2,362,96,513,205,40,201,98
EA,2020,Male,20-49,3472,1082,434,236,179,233,266,112,461.75,3178,34,2471,1325,53.6,1259,95,2231,608,27.3,581,95.6
EA,2020,Male,50+,653,221,107,55,23,36,212,78,393,579,38.2,460,277,60.2,265,95.7,420,114,27.1,110,96.5
EA,2020,Female,20-49,6341,1785,485,369,313,618,368,181,600,5859,30.5,4659,2701,58,2580,95.5,4233,1402,33.1,1343,95.8
EA,2020,Female,50+,619,179,73,39,35,32,241,127.5,443,568,31.5,476,285,59.9,277,97.2,448,130,29,123,94.6
EA,2021,Male,20-49,2879,882,402,186,119,175,236,100,443.5,2662,33.1,2036,749,36.8,715,95.5,1660,743,44.8,698,93.9
EA,2021,Male,50+,568,163,86,27,30,20,186,90.5,385,521,31.3,394,146,37.1,142,97.3,345,166,48.1,163,98.2
EA,2021,Female,20-49,5003,1330,379,250,243,458,373.5,176,589,4664,28.5,3550,1304,36.7,1251,95.9,2934,1411,48.1,1335,94.6
EA,2021,Female,50+,590,154,67,38,19,30,232,106.5,416.75,551,27.9,436,149,34.2,138,92.6,384,188,49,177,94.1
EA,2022,Male,20-49,2266,917,381,203,144,189,243,101,459,2065,44.4,978,619,63.3,591,95.5,351,134,38.2,130,97
EA,2022,Male,50+,459,169,76,36,29,28,212,93,412,411,41.1,201,147,73.1,140,95.2,90,42,46.7,39,92.9
EA,2022,Female,20-49,4055,1441,440,314,249,438,332,176,567,3675,39.2,1731,1123,64.9,1075,95.7,639,318,49.8,304,95.6
EA,2022,Female,50+,504,185,74,43,19,49,246,123,505,456,40.6,249,173,69.5,165,95.4,87,32,36.8,29,90.6
EA,2023,Male,20-49,687,287,130,78,39,40,222,96.5,376,513,55.9,0,0,,0,,**,**,**,**,**
EA,2023,Male,50+,188,72,40,*,*,14,153.5,87.75,401.5,144,50,0,0,,0,,**,**,**,**,**
EA,2023,Female,20-49,1326,502,149,126,99,128,319.5,167.5,502.5,993,50.6,0,0,,0,,**,**,**,**,**
EA,2023,Female,50+,196,75,33,16,*,16,234,112.5,474,150,50,0,0,,0,,**,**,**,**,**
NA-ACCORD,ALL,ALL,ALL,51336,47149,12272,11092,9667,14118,353,192,549,51195,92.1,47649,40129,84.2,36816,91.7,45135,36762,81.4,33600,91.4
NA-ACCORD,2006,ALL,ALL,2644,2506,1199,715,301,291,211,77,341,2632,95.2,2526,2244,88.8,1969,87.7,2422,2103,86.8,1843,87.6
NA-ACCORD,2007,ALL,ALL,3085,2914,1277,889,399,349,230,92,354,3077,94.7,2931,2581,88.1,2229,86.4,2796,2395,85.7,2064,86.2
NA-ACCORD,2008,ALL,ALL,3371,3125,1127,1052,487,459,267,127,389,3360,93,3186,2769,86.9,2441,88.2,3062,2561,83.6,2242,87.5
NA-ACCORD,2009,ALL,ALL,4116,3908,1231,1198,847,632,295,154,423,4110,95.1,3951,3495,88.5,3207,91.8,3807,3223,84.7,2937,91.1
NA-ACCORD,2010,ALL,ALL,4871,4590,1304,1300,1102,884,318,174,456.75,4860,94.4,4678,4080,87.2,3746,91.8,4505,3820,84.8,3486,91.3
NA-ACCORD,2011,ALL,ALL,4678,4268,1017,1001,1044,1206,366,209,525,4668,91.4,4491,3819,85,3476,91,4320,3522,81.5,3221,91.5
NA-ACCORD,2012,ALL,ALL,4299,3982,868,892,934,1288,383,226,562,4290,92.8,4125,3493,84.7,3193,91.4,3960,3308,83.5,2998,90.6
NA-ACCORD,2013,ALL,ALL,4426,4049,804,763,901,1581,424,251,615,4421,91.6,4229,3429,81.1,3138,91.5,4027,3250,80.7,2975,91.5
NA-ACCORD,2014,ALL,ALL,4123,3831,822,675,826,1508,426,236,623,4115,93.1,3870,3223,83.3,2947,91.4,3592,2873,80,2635,91.7
NA-ACCORD,2015,ALL,ALL,3349,3055,602,570,688,1195,428,250,626,3345,91.3,2954,2401,81.3,2257,94,2743,2106,76.8,1972,93.6
NA-ACCORD,2016,ALL,ALL,2732,2436,449,464,490,1033,444.5,252.5,664.25,2729,89.3,2613,2099,80.3,1993,94.9,2504,1896,75.7,1779,93.8
NA-ACCORD,2017,ALL,ALL,2607,2325,427,402,464,1032,460,261,661,2604,89.3,2475,1964,79.4,1849,94.1,2344,1807,77.1,1697,93.9
NA-ACCORD,2018,ALL,ALL,2596,2321,408,430,465,1018,451,270,673,2588,89.7,2449,1999,81.6,1925,96.3,2325,1820,78.3,1746,95.9
NA-ACCORD,2019,ALL,ALL,2319,2047,367,407,394,879,443,257,674,2313,88.5,2176,1701,78.2,1644,96.6,2030,1471,72.5,1423,96.7
NA-ACCORD,2020,ALL,ALL,1354,1104,221,203,197,483,450,243.75,677.25,1335,82.7,811,671,82.7,648,96.6,652,561,86,536,95.5
NA-ACCORD,2021,ALL,ALL,766,688,149,131,128,280,422.5,229.25,650.25,748,92,184,161,87.5,154,95.7,**,**,**,**,**
NA-ACCORD,ALL,Male,ALL,43601,39934,10264,9359,8316,11995,356,195,550,43475,91.9,40525,34109,84.2,31495,92.3,38454,31279,81.3,28805,92.1
NA-ACCORD,ALL,Female,ALL,7735,7215,2008,1733,1351,2123,338,179,547,7720,93.5,7124,6020,84.5,5321,88.4,6681,5483,82.1,4795,87.5
NA-ACCORD,ALL,ALL,20-49,35745,33439,8331,7985,7176,9947,358,201,545,35699,93.7,33286,28206,84.7,25714,91.2,31323,25456,81.3,23109,90.8
NA-ACCORD,ALL,ALL,50+,15591,13710,3941,3107,2491,4171,340,171,559,15496,88.5,14363,11923,83,11102,93.1,13812,11306,81.9,10491,92.8
NA-ACCORD,2006,Male,ALL,2242,2110,1002,602,248,258,213,79,342,2231,94.6,2146,1907,88.9,1684,88.3,2058,1785,86.7,1584,88.7
NA-ACCORD,2006,Female,ALL,402,396,197,113,53,33,203,75.75,328,401,98.8,380,337,88.7,285,84.6,364,318,87.4,259,81.4
NA-ACCORD,2007,Male,ALL,2606,2458,1093,732,339,294,228,89,354.75,2598,94.6,2475,2180,88.1,1900,87.2,2369,2033,85.8,1780,87.6
NA-ACCORD,2007,Female,ALL,479,456,184,157,60,55,240.5,119,352,479,95.2,456,401,87.9,329,82,427,362,84.8,284,78.5
NA-ACCORD,2008,Male,ALL,2784,2586,921,879,410,376,269,131,388,2773,93.3,2637,2314,87.8,2065,89.2,2541,2142,84.3,1912,89.3
NA-ACCORD,2008,Female,ALL,587,539,206,173,77,83,255,115.5,397,587,91.8,549,455,82.9,376,82.6,521,419,80.4,330,78.8
NA-ACCORD,2009,Male,ALL,3483,3308,1045,986,739,538,297,154,426,3478,95.1,3344,2962,88.6,2748,92.8,3228,2759,85.5,2533,91.8
NA-ACCORD,2009,Female,ALL,633,600,186,212,108,94,286.5,153.75,408,632,94.9,607,533,87.8,459,86.1,579,464,80.1,404,87.1
NA-ACCORD,2010,Male,ALL,4111,3868,1080,1089,945,754,320.5,176.75,458,4101,94.3,3951,3452,87.4,3197,92.6,3815,3242,85,2990,92.2
NA-ACCORD,2010,Female,ALL,760,722,224,211,157,130,301,157.5,450.75,759,95.1,727,628,86.4,549,87.4,690,578,83.8,496,85.8
NA-ACCORD,2011,Male,ALL,3898,3548,826,843,881,998,368,211,523,3888,91.3,3734,3177,85.1,2920,91.9,3604,2933,81.4,2709,92.4
NA-ACCORD,2011,Female,ALL,780,720,191,158,163,208,360.5,192,542,780,92.3,757,642,84.8,556,86.6,716,589,82.3,512,86.9
NA-ACCORD,2012,Male,ALL,3694,3398,727,759,810,1102,384,230,561,3686,92.2,3545,2996,84.5,2753,91.9,3402,2831,83.2,2577,91
NA-ACCORD,2012,Female,ALL,605,584,141,133,124,186,379.5,209,563.5,604,96.7,580,497,85.7,440,88.5,558,477,85.5,421,88.3
NA-ACCORD,2013,Male,ALL,3777,3448,672,653,772,1351,424.5,254,615,3772,91.4,3617,2935,81.1,2696,91.9,3452,2776,80.4,2552,91.9
NA-ACCORD,2013,Female,ALL,649,601,132,110,129,230,413,235,614,649,92.6,612,494,80.7,442,89.5,575,474,82.4,423,89.2
NA-ACCORD,2014,Male,ALL,3570,3302,689,581,718,1314,430,241,623,3563,92.7,3349,2767,82.6,2547,92,3108,2465,79.3,2276,92.3
NA-ACCORD,2014,Female,ALL,553,529,133,94,108,194,400,198,615,552,95.8,521,456,87.5,400,87.7,484,408,84.3,359,88
NA-ACCORD,2015,Male,ALL,2869,2608,514,503,589,1002,422.5,250,622,2865,91,2566,2074,80.8,1955,94.3,2388,1821,76.3,1717,94.3
NA-ACCORD,2015,Female,ALL,480,447,88,67,99,193,459,253.5,648.5,480,93.1,388,327,84.3,302,92.4,355,285,80.3,255,89.5
NA-ACCORD,2016,Male,ALL,2352,2093,377,393,426,897,447,257,667,2350,89.1,2253,1802,80,1709,94.8,2156,1628,75.5,1525,93.7
NA-ACCORD,2016,Female,ALL,380,343,72,71,64,136,410,222,641,379,90.5,360,297,82.5,284,95.6,348,268,77,254,94.8
NA-ACCORD,2017,Male,ALL,2271,2030,373,348,415,894,456,263,656.75,2268,89.5,2157,1726,80,1634,94.7,2047,1569,76.6,1479,94.3
NA-ACCORD,2017,Female,ALL,336,295,54,54,49,138,482,256,689.5,336,87.8,318,238,74.8,215,90.3,297,238,80.1,218,91.6
NA-ACCORD,2018,Male,ALL,2219,1980,343,364,403,870,453,271,674.25,2211,89.6,2096,1698,81,1635,96.3,1995,1546,77.5,1485,96.1
NA-ACCORD,2018,Female,ALL,377,341,65,66,62,148,441,259,654,377,90.5,353,301,85.3,290,96.3,330,274,83,261,95.3
NA-ACCORD,2019,Male,ALL,1994,1741,297,353,348,743,443,263,670,1988,87.6,1869,1460,78.1,1413,96.8,1748,1274,72.9,1231,96.6
NA-ACCORD,2019,Female,ALL,325,306,70,54,46,136,440,222,734.5,325,94.2,307,241,78.5,231,95.9,282,197,69.9,192,97.5
NA-ACCORD,2020,Male,ALL,1145,928,184,172,173,399,445,244.75,670.25,1126,82.4,649,538,82.9,522,97,510,442,86.7,422,95.5
NA-ACCORD,2020,Female,ALL,209,176,37,31,24,84,477,230.5,711.5,209,84.2,162,133,82.1,126,94.7,142,119,83.8,114,95.8
NA-ACCORD,2021,Male,ALL,586,528,121,102,100,205,408,220.5,637,577,91.5,137,121,88.3,117,96.7,**,**,**,**,**
NA-ACCORD,2021,Female,ALL,180,160,28,29,28,75,461,263.5,656,171,93.6,47,40,85.1,37,92.5,**,**,**,**,**
NA-ACCORD,2006,ALL,20-49,1933,1860,885,552,227,196,213,76,336.25,1927,96.5,1861,1654,88.9,1437,86.9,1772,1543,87.1,1337,86.6
NA-ACCORD,2006,ALL,50+,711,646,314,163,74,95,207.5,80.5,359,705,91.6,665,590,88.7,532,90.2,650,560,86.2,506,90.4
NA-ACCORD,2007,ALL,20-49,2200,2101,939,632,293,237,229,86,352,2197,95.6,2095,1846,88.1,1575,85.3,1980,1696,85.7,1437,84.7
NA-ACCORD,2007,ALL,50+,885,813,338,257,106,112,232,109,369,880,92.4,836,735,87.9,654,89,816,699,85.7,627,89.7
NA-ACCORD,2008,ALL,20-49,2384,2244,794,796,354,300,267.5,134.75,377,2380,94.3,2264,1975,87.2,1730,87.6,2166,1806,83.4,1567,86.8
NA-ACCORD,2008,ALL,50+,987,881,333,256,133,159,265,116,413,980,89.9,922,794,86.1,711,89.5,896,755,84.3,675,89.4
NA-ACCORD,2009,ALL,20-49,2984,2878,871,919,649,439,298,162,416,2983,96.5,2866,2525,88.1,2298,91,2747,2324,84.6,2090,89.9
NA-ACCORD,2009,ALL,50+,1132,1030,360,279,198,193,288.5,139.25,444,1127,91.4,1085,970,89.4,909,93.7,1060,899,84.8,847,94.2
NA-ACCORD,2010,ALL,20-49,3467,3317,899,946,840,632,326,183,458,3464,95.8,3339,2927,87.7,2667,91.1,3193,2728,85.4,2470,90.5
NA-ACCORD,2010,ALL,50+,1404,1273,405,354,262,252,294,157,454,1396,91.2,1339,1153,86.1,1079,93.6,1312,1092,83.2,1016,93
NA-ACCORD,2011,ALL,20-49,3239,2998,663,707,764,864,372,221,526,3236,92.6,3110,2660,85.5,2426,91.2,2974,2390,80.4,2185,91.4
NA-ACCORD,2011,ALL,50+,1439,1270,354,294,280,342,340.5,180,516,1432,88.7,1381,1159,83.9,1050,90.6,1346,1132,84.1,1036,91.5
NA-ACCORD,2012,ALL,20-49,3028,2851,568,627,723,933,393,245.5,562,3026,94.2,2907,2480,85.3,2244,90.5,2777,2325,83.7,2094,90.1
NA-ACCORD,2012,ALL,50+,1271,1131,300,265,211,355,351,184.5,561,1264,89.5,1218,1013,83.2,949,93.7,1183,983,83.1,904,92
NA-ACCORD,2013,ALL,20-49,3138,2912,533,541,669,1169,434,270,618.25,3135,92.9,3006,2452,81.6,2225,90.7,2848,2275,79.9,2074,91.2
NA-ACCORD,2013,ALL,50+,1288,1137,271,222,232,412,392,212,604,1286,88.4,1223,977,79.9,913,93.4,1179,975,82.7,901,92.4
NA-ACCORD,2014,ALL,20-49,2886,2724,545,485,625,1069,432,250.75,616.25,2884,94.5,2708,2266,83.7,2052,90.6,2488,1976,79.4,1806,91.4
NA-ACCORD,2014,ALL,50+,1237,1107,277,190,201,439,407,200.5,636.5,1231,89.9,1162,957,82.4,895,93.5,1104,897,81.2,829,92.4
NA-ACCORD,2015,ALL,20-49,2315,2143,382,400,503,858,435,266,631,2313,92.7,2025,1638,80.9,1531,93.5,1852,1419,76.6,1328,93.6
NA-ACCORD,2015,ALL,50+,1034,912,220,170,185,337,404.5,210,608,1032,88.4,929,763,82.1,726,95.2,891,687,77.1,644,93.7
NA-ACCORD,2016,ALL,20-49,1818,1663,270,319,368,706,445,271,655.5,1817,91.5,1740,1408,80.9,1345,95.5,1657,1233,74.4,1151,93.3
NA-ACCORD,2016,ALL,50+,914,773,179,145,122,327,439,220,679,912,84.8,873,691,79.2,648,93.8,847,663,78.3,628,94.7
NA-ACCORD,2017,ALL,20-49,1754,1604,264,273,334,733,470,283.75,655,1754,91.4,1664,1330,79.9,1250,94,1568,1197,76.3,1122,93.7
NA-ACCORD,2017,ALL,50+,853,721,163,129,130,299,432,221,675,850,84.8,811,634,78.2,599,94.5,776,610,78.6,575,94.3
NA-ACCORD,2018,ALL,20-49,1662,1525,254,279,308,684,457,281,675,1660,91.9,1575,1315,83.5,1266,96.3,1479,1166,78.8,1120,96.1
NA-ACCORD,2018,ALL,50+,934,796,154,151,157,334,428.5,248.5,667.5,928,85.8,874,684,78.3,659,96.3,846,654,77.3,626,95.7
NA-ACCORD,2019,ALL,20-49,1483,1355,223,273,277,582,451,272.5,665,1483,91.4,1388,1103,79.5,1062,96.3,1305,931,71.3,902,96.9
NA-ACCORD,2019,ALL,50+,836,692,144,134,117,297,429.5,230.75,703.5,830,83.4,788,598,75.9,582,97.3,725,540,74.5,521,96.5
NA-ACCORD,2020,ALL,20-49,889,746,126,133,147,340,463.5,274.25,672.75,885,84.3,601,507,84.4,490,96.6,481,411,85.4,390,94.9
NA-ACCORD,2020,ALL,50+,465,358,95,70,50,143,396,188,691,450,79.6,210,164,78.1,158,96.3,171,150,87.7,146,97.3
NA-ACCORD,2021,ALL,20-49,565,518,115,103,95,205,418,221,612.75,555,93.3,137,120,87.6,116,96.7,**,**,**,**,**
NA-ACCORD,2021,ALL,50+,201,170,34,28,33,75,436,259.75,731.75,193,88.1,47,41,87.2,38,92.7,**,**,**,**,**
NA-ACCORD,ALL,Male,20-49,30037,28071,6839,6664,6144,8424,362,205,547,30001,93.6,28016,23732,84.7,21803,91.9,26414,21460,81.2,19671,91.7
NA-ACCORD,ALL,Male,50+,13564,11863,3425,2695,2172,3571,340,171,556,13474,88,12509,10377,83,9692,93.4,12040,9819,81.6,9134,93
NA-ACCORD,ALL,Female,20-49,5708,5368,1492,1321,1032,1523,335,179.75,535.25,5698,94.2,5270,4474,84.9,3911,87.4,4909,3996,81.4,3438,86
NA-ACCORD,ALL,Female,50+,2027,1847,516,412,319,600,349,175,582.5,2022,91.3,1854,1546,83.4,1410,91.2,1772,1487,83.9,1357,91.3
NA-ACCORD,2006,Male,20-49,1593,1524,720,454,182,168,215,75,338,1587,96,1541,1371,89,1198,87.4,1467,1280,87.3,1127,88
NA-ACCORD,2006,Male,50+,649,586,282,148,66,90,209,83.25,362.75,644,91,605,536,88.6,486,90.7,591,505,85.4,457,90.5
NA-ACCORD,2006,Female,20-49,340,336,165,98,45,28,206.5,76,329,340,98.8,320,283,88.4,239,84.5,305,263,86.2,210,79.8
NA-ACCORD,2006,Female,50+,62,60,32,15,*,*,180,55.5,308,61,98.4,60,54,90,46,85.2,59,55,93.2,49,89.1
NA-ACCORD,2007,Male,20-49,1806,1727,789,505,242,191,221,80.5,351,1803,95.8,1719,1523,88.6,1318,86.5,1633,1407,86.2,1220,86.7
NA-ACCORD,2007,Male,50+,800,731,304,227,97,103,238,107.5,375.5,795,91.9,756,657,86.9,582,88.6,736,626,85.1,560,89.5
NA-ACCORD,2007,Female,20-49,394,374,150,127,51,46,245.5,119,354,394,94.9,376,323,85.9,257,79.6,347,289,83.3,217,75.1
NA-ACCORD,2007,Female,50+,85,82,34,30,*,*,228.5,123.5,323.25,85,96.5,80,78,97.5,72,92.3,80,73,91.2,67,91.8
NA-ACCORD,2008,Male,20-49,1921,1815,619,664,296,236,272,138,374,1917,94.7,1826,1614,88.4,1440,89.2,1752,1477,84.3,1318,89.2
NA-ACCORD,2008,Male,50+,863,771,302,215,114,140,258,115,416.5,856,90.1,811,700,86.3,625,89.3,789,665,84.3,594,89.3
NA-ACCORD,2008,Female,20-49,463,429,175,132,58,64,244,107,394,463,92.7,438,361,82.4,290,80.3,414,329,79.5,249,75.7
NA-ACCORD,2008,Female,50+,124,110,31,41,19,19,296.5,170,402.25,124,88.7,111,94,84.7,86,91.5,107,90,84.1,81,90
NA-ACCORD,2009,Male,20-49,2486,2402,730,745,566,361,300,162,417,2485,96.7,2391,2112,88.3,1944,92,2297,1965,85.5,1782,90.7
NA-ACCORD,2009,Male,50+,997,906,315,241,173,177,286.5,141.75,449.75,993,91.2,953,850,89.2,804,94.6,931,794,85.3,751,94.6
NA-ACCORD,2009,Female,20-49,498,476,141,174,83,78,282,159.25,408.5,498,95.6,475,413,86.9,354,85.7,450,359,79.8,308,85.8
NA-ACCORD,2009,Female,50+,135,124,45,38,25,16,297.5,135.5,387.5,134,92.5,132,120,90.9,105,87.5,129,105,81.4,96,91.4
NA-ACCORD,2010,Male,20-49,2891,2768,734,784,718,532,330,188,458,2889,95.8,2788,2455,88.1,2258,92,2674,2296,85.9,2100,91.5
NA-ACCORD,2010,Male,50+,1220,1100,346,305,227,222,299,156.25,457.5,1212,90.8,1163,997,85.7,939,94.2,1141,946,82.9,890,94.1
NA-ACCORD,2010,Female,20-49,576,549,165,162,122,100,308,157,453,575,95.5,551,472,85.7,409,86.7,519,432,83.2,370,85.6
NA-ACCORD,2010,Female,50+,184,173,59,49,35,30,287,165,432,184,94,176,156,88.6,140,89.7,171,146,85.4,126,86.3
NA-ACCORD,2011,Male,20-49,2674,2477,531,592,644,710,374,226,525,2671,92.7,2567,2190,85.3,2018,92.1,2463,1975,80.2,1829,92.6
NA-ACCORD,2011,Male,50+,1224,1071,295,251,237,288,340,180,516,1217,88,1167,987,84.6,902,91.4,1141,958,84,880,91.9
NA-ACCORD,2011,Female,20-49,565,521,132,115,120,154,367,197,545,565,92.2,543,470,86.6,408,86.8,511,415,81.2,356,85.8
NA-ACCORD,2011,Female,50+,215,199,59,43,43,54,341,179.5,515,215,92.6,214,172,80.4,148,86,205,174,84.9,156,89.7
NA-ACCORD,2012,Male,20-49,2583,2422,465,535,626,796,394,253,562,2582,93.8,2482,2117,85.3,1928,91.1,2371,1984,83.7,1793,90.4
NA-ACCORD,2012,Male,50+,1111,976,262,224,184,306,351.5,183,560.25,1104,88.4,1063,879,82.7,825,93.9,1031,847,82.2,784,92.6
NA-ACCORD,2012,Female,20-49,445,429,103,92,97,137,384,211,562,444,96.6,425,363,85.4,316,87.1,406,341,84,301,88.3
NA-ACCORD,2012,Female,50+,160,155,38,41,27,49,346,202.5,571.5,160,96.9,155,134,86.5,124,92.5,152,136,89.5,120,88.2
NA-ACCORD,2013,Male,20-49,2659,2467,440,463,576,988,435,272,618,2656,92.9,2552,2085,81.7,1899,91.1,2424,1930,79.6,1766,91.5
NA-ACCORD,2013,Male,50+,1118,981,232,190,196,363,400,212,605,1116,87.9,1065,850,79.8,797,93.8,1028,846,82.3,786,92.9
NA-ACCORD,2013,Female,20-49,479,445,93,78,93,181,432,240,620,479,92.9,454,367,80.8,326,88.8,424,345,81.4,308,89.3
NA-ACCORD,2013,Female,50+,170,156,39,32,36,49,372.5,204.5,572.25,170,91.8,158,127,80.4,116,91.3,151,129,85.4,115,89.1
NA-ACCORD,2014,Male,20-49,2495,2347,452,415,544,936,436,257,617,2493,94.1,2338,1940,83,1771,91.3,2146,1685,78.5,1555,92.3
NA-ACCORD,2014,Male,50+,1075,955,237,166,174,378,411,203.5,633.5,1070,89.3,1011,827,81.8,776,93.8,962,780,81.1,721,92.4
NA-ACCORD,2014,Female,20-49,391,377,93,70,81,133,395,202,606,391,96.4,370,326,88.1,281,86.2,342,291,85.1,251,86.3
NA-ACCORD,2014,Female,50+,162,152,40,24,27,61,403,176,644.25,161,94.4,151,130,86.1,119,91.5,142,117,82.4,108,92.3
NA-ACCORD,2015,Male,20-49,1969,1819,318,350,428,723,432,269,630.5,1967,92.5,1744,1402,80.4,1314,93.7,1600,1216,76,1146,94.2
NA-ACCORD,2015,Male,50+,900,789,196,153,161,279,395,203,604,898,87.9,822,672,81.8,641,95.4,788,605,76.8,571,94.4
NA-ACCORD,2015,Female,20-49,346,324,64,50,75,135,457.5,256.75,645.75,346,93.6,281,236,84,217,91.9,252,203,80.6,182,89.7
NA-ACCORD,2015,Female,50+,134,123,24,17,24,58,461,240,656.5,134,91.8,107,91,85,85,93.4,103,82,79.6,73,89
NA-ACCORD,2016,Male,20-49,1577,1439,225,275,319,620,450,276,660,1577,91.2,1512,1217,80.5,1162,95.5,1435,1066,74.3,994,93.2
NA-ACCORD,2016,Male,50+,775,654,152,118,107,277,444.5,220.5,677.5,773,84.6,741,585,78.9,547,93.5,721,562,77.9,531,94.5
NA-ACCORD,2016,Female,20-49,241,224,45,44,49,86,410.5,224,616.75,240,93.3,228,191,83.8,183,95.8,222,167,75.2,157,94
NA-ACCORD,2016,Female,50+,139,119,27,27,15,50,403,222,703.5,139,85.6,132,106,80.3,101,95.3,126,101,80.2,97,96
NA-ACCORD,2017,Male,20-49,1526,1396,225,232,293,646,471,288,656.25,1526,91.5,1448,1161,80.2,1096,94.4,1369,1036,75.7,975,94.1
NA-ACCORD,2017,Male,50+,745,634,148,116,122,248,420.5,211.25,656.75,742,85.4,709,565,79.7,538,95.2,678,533,78.6,504,94.6
NA-ACCORD,2017,Female,20-49,228,208,39,41,41,87,461.5,255,632.5,228,91.2,216,169,78.2,154,91.1,199,161,80.9,147,91.3
NA-ACCORD,2017,Female,50+,108,87,15,13,*,51,575,259.5,769,108,80.6,102,69,67.6,61,88.4,98,77,78.6,71,92.2
NA-ACCORD,2018,Male,20-49,1411,1295,215,230,263,587,464,284.5,680,1409,91.9,1336,1106,82.8,1066,96.4,1262,991,78.5,954,96.3
NA-ACCORD,2018,Male,50+,808,685,128,134,140,283,423,251,663,802,85.4,760,592,77.9,569,96.1,733,555,75.7,531,95.7
NA-ACCORD,2018,Female,20-49,251,230,39,49,45,97,424,275.25,639.25,251,91.6,239,209,87.4,200,95.7,217,175,80.6,166,94.9
NA-ACCORD,2018,Female,50+,126,111,26,17,17,51,456,215,693.5,126,88.1,114,92,80.7,90,97.8,113,99,87.6,95,96
NA-ACCORD,2019,Male,20-49,1257,1140,180,228,241,491,452,280,664.25,1257,90.7,1175,931,79.2,898,96.5,1110,795,71.6,771,97
NA-ACCORD,2019,Male,50+,737,601,117,125,107,252,422,239,680,731,82.2,694,529,76.2,515,97.4,638,479,75.1,460,96
NA-ACCORD,2019,Female,20-49,226,215,43,45,36,91,430,227,680,226,95.1,213,172,80.8,164,95.3,195,136,69.7,131,96.3
NA-ACCORD,2019,Female,50+,99,91,27,*,*,45,468,186.5,823,99,91.9,94,69,73.4,67,97.1,87,61,70.1,61,100
NA-ACCORD,2020,Male,20-49,746,625,100,110,129,286,464,290,671,742,84.2,491,415,84.5,403,97.1,386,332,86,316,95.2
NA-ACCORD,2020,Male,50+,399,303,84,62,44,113,378,180.5,664,384,78.9,158,123,77.8,119,96.7,124,110,88.7,106,96.4
NA-ACCORD,2020,Female,20-49,143,121,26,23,18,54,463,233,695,143,84.6,110,92,83.6,87,94.6,95,79,83.2,74,93.7
NA-ACCORD,2020,Female,50+,66,55,11,*,*,30,518,228,744.5,66,83.3,52,41,78.8,39,95.1,47,40,85.1,40,100
NA-ACCORD,2021,Male,20-49,443,408,96,82,77,153,407,214.25,592.25,440,92.7,106,93,87.7,90,96.8,**,**,**,**,**
NA-ACCORD,2021,Male,50+,143,120,25,20,23,52,422.5,257,766,137,87.6,31,28,90.3,27,96.4,**,**,**,**,**
NA-ACCORD,2021,Female,20-49,122,110,19,21,18,52,463,257,648.5,115,95.7,31,27,87.1,26,96.3,**,**,**,**,**
NA-ACCORD,2021,Female,50+,58,50,*,*,*,23,450.5,282.25,695.5,56,89.3,16,13,81.2,11,84.6,**,**,**,**,**
SA,ALL,ALL,ALL,921922,410155,188727,119779,53451,48198,218,114,350,895572,45.8,686073,176606,25.7,160650,91,597631,140645,23.5,126222,89.7
SA,2006,ALL,ALL,25964,14820,11170,2853,484,313,127,62,199,25173,58.9,19639,3678,18.7,3287,89.4,17808,3502,19.7,3082,88
SA,2007,ALL,ALL,34613,21542,15340,4851,877,474,140,72,214,33554,64.2,26557,4195,15.8,3802,90.6,24224,3861,15.9,3422,88.6
SA,2008,ALL,ALL,38119,26281,18111,6516,1029,625,148,76,222,36964,71.1,29856,5302,17.8,4810,90.7,27290,5127,18.8,4515,88.1
SA,2009,ALL,ALL,45005,30682,20420,8157,1291,814,154,82,230,43759,70.1,35810,6602,18.4,5898,89.3,32638,5913,18.1,5185,87.7
SA,2010,ALL,ALL,47574,31249,19107,9547,1562,1033,167,91,250,46375,67.4,38232,7542,19.7,6686,88.7,34749,6728,19.4,5816,86.4
SA,2011,ALL,ALL,52012,32865,16981,12299,2245,1340,195,107,287,50867,64.6,42006,8009,19.1,7025,87.7,38406,6594,17.2,5765,87.4
SA,2012,ALL,ALL,50118,29015,13294,11888,2343,1490,217,117,307,48869,59.4,40607,8635,21.3,7712,89.3,37375,6737,18,5918,87.8
SA,2013,ALL,ALL,60928,32477,13348,12143,3865,3121,239,130,337,59640,54.5,49985,8637,17.3,7819,90.5,46190,6540,14.2,5819,89
SA,2014,ALL,ALL,65509,36046,12899,11512,7068,4567,269,146,396,64104,56.2,54194,8660,16,7969,92,50114,6847,13.7,6216,90.8
SA,2015,ALL,ALL,65322,32841,11274,9449,7922,4196,284,148,420,63959,51.3,53326,11332,21.3,10475,92.4,48785,9182,18.8,8329,90.7
SA,2016,ALL,ALL,69424,30274,9819,7796,6741,5918,301,157,460,68026,44.5,56317,15950,28.3,14602,91.5,50975,13990,27.4,12628,90.3
SA,2017,ALL,ALL,88072,30140,8559,7458,5996,8127,334,178,519,86363,34.9,67566,19346,28.6,17601,91,58186,16638,28.6,14903,89.6
SA,2018,ALL,ALL,80304,22496,6451,5732,4464,5849,325,179,510,78280,28.7,53835,18185,33.8,16315,89.7,43890,16496,37.6,14698,89.1
SA,2019,ALL,ALL,63820,14354,4187,3588,2817,3762,325,175,514,61784,23.2,45427,19355,42.6,17654,91.2,36482,13221,36.2,12000,90.8
SA,2020,ALL,ALL,55967,9500,2751,2284,1897,2568,331,176,523,54019,17.6,34613,14280,41.3,13189,92.4,26340,9474,36,8780,92.7
SA,2021,ALL,ALL,40858,6751,2038,1659,1274,1780,319,166.5,512,39108,17.3,24551,10581,43.1,9876,93.3,17389,6974,40.1,6525,93.6
SA,2022,ALL,ALL,26699,6039,1994,1397,1070,1578,307,167,511.5,24049,25.1,11413,5342,46.8,5009,93.8,6699,2730,40.8,2539,93
SA,2023,ALL,ALL,11216,2763,981,643,501,638,289,136,484,10471,26.4,2139,975,45.6,921,94.5,**,**,**,**,**
SA,2024,ALL,ALL,398,20,*,*,*,*,354.5,266,502,208,9.6,0,0,,0,,**,**,**,**,**
SA,ALL,Male,ALL,348158,157612,83815,44217,17554,12026,188,93,310,337476,46.7,253859,64505,25.4,58046,90,219113,50249,22.9,44239,88
SA,ALL,Female,ALL,573764,252543,104912,75562,35897,36172,239,130,380,558096,45.3,432214,112101,25.9,102604,91.5,378518,90396,23.9,81983,90.7
SA,ALL,ALL,20-49,834002,371595,170043,108335,48940,44277,219,115,351,810695,45.8,620525,159019,25.6,144510,90.9,540094,126397,23.4,113223,89.6
SA,ALL,ALL,50+,87920,38560,18684,11444,4511,3921,207,111,332,84877,45.4,65548,17587,26.8,16140,91.8,57537,14248,24.8,12999,91.2
SA,2006,Male,ALL,10148,5883,4483,1149,155,96,119,56,197,9776,60.2,7441,1348,18.1,1188,88.1,6694,1248,18.6,1069,85.7
SA,2006,Female,ALL,15816,8937,6687,1704,329,217,131,66,201,15397,58,12198,2330,19.1,2099,90.1,11114,2254,20.3,2013,89.3
SA,2007,Male,ALL,13641,8543,6282,1813,304,144,130,63,205,13099,65.2,10119,1478,14.6,1325,89.6,9118,1358,14.9,1175,86.5
SA,2007,Female,ALL,20972,12999,9058,3038,573,330,147,79,221,20455,63.5,16438,2717,16.5,2477,91.2,15106,2503,16.6,2247,89.8
SA,2008,Male,ALL,15070,10336,7424,2350,388,174,136,66,211,14511,71.2,11430,1926,16.9,1712,88.9,10354,1883,18.2,1627,86.4
SA,2008,Female,ALL,23049,15945,10687,4166,641,451,156,83,228,22453,71,18426,3376,18.3,3098,91.8,16936,3244,19.2,2888,89
SA,2009,Male,ALL,17651,11893,8473,2753,418,249,136,68,214,17085,69.6,13695,2496,18.2,2209,88.5,12368,2203,17.8,1911,86.7
SA,2009,Female,ALL,27354,18789,11947,5404,873,565,164,92,240,26674,70.4,22115,4106,18.6,3689,89.8,20270,3710,18.3,3274,88.2
SA,2010,Male,ALL,18395,11886,7964,3157,503,262,150,77.25,230,17845,66.6,14368,2698,18.8,2366,87.7,12943,2381,18.4,1999,84
SA,2010,Female,ALL,29179,19363,11143,6390,1059,771,179,101,262,28530,67.9,23864,4844,20.3,4320,89.2,21806,4347,19.9,3817,87.8
SA,2011,Male,ALL,19776,12608,7289,4189,766,364,174,89,265,19272,65.4,15484,2901,18.7,2491,85.9,14017,2345,16.7,1994,85
SA,2011,Female,ALL,32236,20257,9692,8110,1479,976,208,120,298,31595,64.1,26522,5108,19.3,4534,88.8,24389,4249,17.4,3771,88.8
SA,2012,Male,ALL,18987,11161,5906,4010,820,425,189,95,289,18478,60.4,14957,3098,20.7,2713,87.6,13662,2436,17.8,2056,84.4
SA,2012,Female,ALL,31131,17854,7388,7878,1523,1065,233,135.25,316,30391,58.7,25650,5537,21.6,4999,90.3,23713,4301,18.1,3862,89.8
SA,2013,Male,ALL,22690,12249,6111,4229,1227,682,201,102,306,22128,55.4,18151,3111,17.1,2769,89,16621,2286,13.8,1981,86.7
SA,2013,Female,ALL,38238,20228,7237,7914,2638,2439,259,151,351,37512,53.9,31834,5526,17.4,5050,91.4,29569,4254,14.4,3838,90.2
SA,2014,Male,ALL,23201,13331,5989,4318,2116,908,223,114,339,22641,58.9,18873,3066,16.2,2787,90.9,17322,2291,13.2,2040,89
SA,2014,Female,ALL,42308,22715,6910,7194,4952,3659,298,171,431,41463,54.8,35321,5594,15.8,5182,92.6,32792,4556,13.9,4176,91.7
SA,2015,Male,ALL,23423,12450,5470,3655,2437,888,230,114,361,22914,54.3,18906,3952,20.9,3598,91,17083,3261,19.1,2889,88.6
SA,2015,Female,ALL,41899,20391,5804,5794,5485,3308,316,179,447,41045,49.7,34420,7380,21.4,6877,93.2,31702,5921,18.7,5440,91.9
SA,2016,Male,ALL,24982,11214,4691,2995,2143,1385,242,119,394,24423,45.9,20012,5858,29.3,5264,89.9,17898,5101,28.5,4510,88.4
SA,2016,Female,ALL,44442,19060,5128,4801,4598,4533,339,188,492,43603,43.7,36305,10092,27.8,9338,92.5,33077,8889,26.9,8118,91.3
SA,2017,Male,ALL,32706,11523,4219,3109,2052,2143,272,139,439,32047,36,24710,6999,28.3,6310,90.2,21153,5981,28.3,5234,87.5
SA,2017,Female,ALL,55366,18617,4340,4349,3944,5984,373,213,562,54316,34.3,42856,12347,28.8,11291,91.4,37033,10657,28.8,9669,90.7
SA,2018,Male,ALL,30133,8727,3278,2430,1494,1525,262,136,425,29386,29.7,20100,6800,33.8,6046,88.9,16343,6083,37.2,5350,88
SA,2018,Female,ALL,50171,13769,3173,3302,2970,4324,369,213,558,48894,28.2,33735,11385,33.7,10269,90.2,27547,10413,37.8,9348,89.8
SA,2019,Male,ALL,25998,5778,2182,1528,1048,1020,265,133,428,25204,22.9,18219,7617,41.8,6948,91.2,14665,4944,33.7,4468,90.4
SA,2019,Female,ALL,37822,8576,2005,2060,1769,2742,370,212,568,36580,23.4,27208,11738,43.1,10706,91.2,21817,8277,37.9,7532,91
SA,2020,Male,ALL,21175,3721,1421,980,654,666,265,134,427,20411,18.2,12955,5014,38.7,4591,91.6,9803,3112,31.7,2858,91.8
SA,2020,Female,ALL,34792,5779,1330,1304,1243,1902,377,215,575,33608,17.2,21658,9266,42.8,8598,92.8,16537,6362,38.5,5922,93.1
SA,2021,Male,ALL,15140,2585,1032,657,445,451,257,121,429,14502,17.8,8849,3529,39.9,3283,93,6274,2216,35.3,2050,92.5
SA,2021,Female,ALL,25718,4166,1006,1002,829,1329,360,207,562,24606,16.9,15702,7052,44.9,6593,93.5,11115,4758,42.8,4475,94.1
SA,2022,Male,ALL,10290,2524,1056,609,393,466,246,128,430.25,9387,26.9,4689,2199,46.9,2053,93.4,2762,1087,39.4,997,91.7
SA,2022,Female,ALL,16409,3515,938,788,677,1112,356,200,568,14662,24,6724,3143,46.7,2956,94.1,3937,1643,41.7,1542,93.9
SA,2023,Male,ALL,4608,1195,544,283,190,178,225,98,399,4286,27.9,901,415,46.1,393,94.7,**,**,**,**,**
SA,2023,Female,ALL,6608,1568,437,360,311,460,343,182,536.25,6185,25.4,1238,560,45.2,528,94.3,**,**,**,**,**
SA,2024,Male,ALL,144,*,*,*,*,*,*,*,*,81,*,0,0,,0,,**,**,**,**,**
SA,2024,Female,ALL,254,15,*,*,*,*,380,263.5,599,127,11.8,0,0,,0,,**,**,**,**,**
SA,2006,ALL,20-49,23476,13475,10183,2586,429,277,126,61,199,22762,59.2,17788,3368,18.9,3003,89.2,16145,3220,19.9,2827,87.8
SA,2006,ALL,50+,2488,1345,987,267,55,36,130,71,205,2411,55.8,1851,310,16.7,284,91.6,1663,282,17,255,90.4
SA,2007,ALL,20-49,31300,19571,13964,4392,789,426,140,71,214,30365,64.5,24055,3847,16,3485,90.6,21936,3531,16.1,3130,88.6
SA,2007,ALL,50+,3313,1971,1376,459,88,48,146,83,220,3189,61.8,2502,348,13.9,317,91.1,2288,330,14.4,292,88.5
SA,2008,ALL,20-49,34126,23704,16364,5857,914,569,147.5,75,221,33099,71.6,26790,4772,17.8,4330,90.7,24494,4616,18.8,4068,88.1
SA,2008,ALL,50+,3993,2577,1747,659,115,56,151,80,228,3865,66.7,3066,530,17.3,480,90.6,2796,511,18.3,447,87.5
SA,2009,ALL,20-49,40443,27820,18522,7367,1180,751,153,81,230,39333,70.7,32180,5853,18.2,5228,89.3,29286,5224,17.8,4568,87.4
SA,2009,ALL,50+,4562,2862,1898,790,111,63,157,93,230,4426,64.7,3630,749,20.6,670,89.5,3352,689,20.6,617,89.6
SA,2010,ALL,20-49,42667,28177,17247,8597,1412,921,167,91,249,41601,67.7,34339,6737,19.6,5973,88.7,31184,6017,19.3,5197,86.4
SA,2010,ALL,50+,4907,3072,1860,950,150,112,170,95,255,4774,64.3,3893,805,20.7,713,88.6,3565,711,19.9,619,87.1
SA,2011,ALL,20-49,46398,29401,15179,10995,2029,1198,195,107,287,45408,64.7,37546,7083,18.9,6201,87.5,34364,5865,17.1,5114,87.2
SA,2011,ALL,50+,5614,3464,1802,1304,216,142,192,105,285,5459,63.5,4460,926,20.8,824,89,4042,729,18,651,89.3
SA,2012,ALL,20-49,45017,26134,11926,10724,2132,1352,218,118,308,43932,59.5,36563,7745,21.2,6903,89.1,33657,6020,17.9,5269,87.5
SA,2012,ALL,50+,5101,2881,1368,1164,211,138,211,113,304,4937,58.4,4044,890,22,809,90.9,3718,717,19.3,649,90.5
SA,2013,ALL,20-49,54941,29370,11993,10994,3508,2875,240,130,337,53807,54.6,45147,7759,17.2,7017,90.4,41691,5889,14.1,5235,88.9
SA,2013,ALL,50+,5987,3107,1355,1149,357,246,231,126.5,329,5833,53.3,4838,878,18.1,802,91.3,4499,651,14.5,584,89.7
SA,2014,ALL,20-49,59454,32692,11586,10373,6479,4254,272,147,399,58203,56.2,49233,7786,15.8,7166,92,45472,6179,13.6,5599,90.6
SA,2014,ALL,50+,6055,3354,1313,1139,589,313,246,135,360,5901,56.8,4961,874,17.6,803,91.9,4642,668,14.4,617,92.4
SA,2015,ALL,20-49,59399,29790,10095,8553,7229,3913,287,150,422,58183,51.2,48456,10276,21.2,9493,92.4,44305,8267,18.7,7480,90.5
SA,2015,ALL,50+,5923,3051,1179,896,693,283,257,133.5,391,5776,52.8,4870,1056,21.7,982,93,4480,915,20.4,849,92.8
SA,2016,ALL,20-49,62813,27369,8786,7036,6146,5401,304,158,462,61598,44.4,50938,14275,28,13069,91.6,46087,12429,27,11194,90.1
SA,2016,ALL,50+,6611,2905,1033,760,595,517,276,148,442,6428,45.2,5379,1675,31.1,1533,91.5,4888,1561,31.9,1434,91.9
SA,2017,ALL,20-49,80109,27517,7753,6812,5534,7418,336,179,519,78602,35,61346,17364,28.3,15759,90.8,52778,14889,28.2,13298,89.3
SA,2017,ALL,50+,7963,2623,806,646,462,709,314,167,517.5,7761,33.8,6220,1982,31.9,1842,92.9,5408,1749,32.3,1605,91.8
SA,2018,ALL,20-49,73401,20615,5837,5247,4125,5406,327,181,512,71578,28.8,48951,16281,33.3,14574,89.5,39717,14808,37.3,13158,88.9
SA,2018,ALL,50+,6903,1881,614,485,339,443,297,157,485,6702,28.1,4884,1904,39,1741,91.4,4173,1688,40.5,1540,91.2
SA,2019,ALL,20-49,57964,13247,3771,3345,2626,3505,328,179,516,56146,23.6,41066,17512,42.6,15974,91.2,33033,11928,36.1,10800,90.5
SA,2019,ALL,50+,5856,1107,416,243,191,257,284,128,485,5638,19.6,4361,1843,42.3,1680,91.2,3449,1293,37.5,1200,92.8
SA,2020,ALL,20-49,51219,8800,2502,2109,1794,2395,334,179,524,49487,17.8,31709,13136,41.4,12116,92.2,24122,8674,36,8026,92.5
SA,2020,ALL,50+,4748,700,249,175,103,173,275,154.75,497,4532,15.4,2904,1144,39.4,1073,93.8,2218,800,36.1,754,94.2
SA,2021,ALL,20-49,37289,6173,1810,1530,1175,1658,323,172,516,35727,17.3,22393,9673,43.2,9012,93.2,15779,6365,40.3,5959,93.6
SA,2021,ALL,50+,3569,578,228,129,99,122,263,114,471,3381,17.1,2158,908,42.1,864,95.2,1610,609,37.8,566,92.9
SA,2022,ALL,20-49,23830,5341,1717,1241,977,1406,310,174,513,21525,24.8,10135,4708,46.5,4411,93.7,5964,2396,40.2,2229,93
SA,2022,ALL,50+,2869,698,277,156,93,172,277,134,483.25,2524,27.7,1278,634,49.6,598,94.3,735,334,45.4,310,92.8
SA,2023,ALL,20-49,9801,2380,806,570,457,547,299,148,484,9153,26,1890,844,44.7,796,94.3,**,**,**,**,**
SA,2023,ALL,50+,1415,383,175,73,44,91,235,93,476,1318,29.1,249,131,52.6,125,95.4,**,**,**,**,**
SA,2024,ALL,20-49,355,19,*,*,*,*,365,284.5,514,186,10.2,0,0,,0,,**,**,**,**,**
SA,2024,ALL,50+,43,*,*,*,*,*,*,*,*,22,*,0,0,,0,,**,**,**,**,**
SA,ALL,Male,20-49,304455,138799,73700,38970,15570,10559,189,93,311,295404,47,221773,55489,25,49925,90,191105,43097,22.6,37871,87.9
SA,ALL,Male,50+,43703,18813,10115,5247,1984,1467,186,95,306,42072,44.7,32086,9016,28.1,8121,90.1,28008,7152,25.5,6368,89
SA,ALL,Female,20-49,529547,232796,96343,69365,33370,33718,240,131,382,515291,45.2,398752,103530,26,94585,91.4,348989,83300,23.9,75352,90.5
SA,ALL,Female,50+,44217,19747,8569,6197,2527,2454,228,129,352,42805,46.1,33462,8571,25.6,8019,93.6,29529,7096,24,6631,93.4
SA,2006,Male,20-49,8817,5155,3941,1006,130,78,119,55,196,8483,60.8,6436,1178,18.3,1033,87.7,5795,1101,19,940,85.4
SA,2006,Male,50+,1331,728,542,143,25,18,119.5,64,204,1293,56.3,1005,170,16.9,155,91.2,899,147,16.4,129,87.8
SA,2006,Female,20-49,14659,8320,6242,1580,299,199,130.5,64.75,200,14279,58.3,11352,2190,19.3,1970,90,10350,2119,20.5,1887,89.1
SA,2006,Female,50+,1157,617,445,124,30,18,140,80,211,1118,55.2,846,140,16.5,129,92.1,764,135,17.7,126,93.3
SA,2007,Male,20-49,11894,7514,5536,1593,263,122,128,61,205,11429,65.7,8812,1278,14.5,1142,89.4,7944,1173,14.8,1017,86.7
SA,2007,Male,50+,1747,1029,746,220,41,22,137,72,207,1670,61.6,1307,200,15.3,183,91.5,1174,185,15.8,158,85.4
SA,2007,Female,20-49,19406,12057,8428,2799,526,304,146,78,220,18936,63.7,15243,2569,16.9,2343,91.2,13992,2358,16.9,2113,89.6
SA,2007,Female,50+,1566,942,630,239,47,26,160.5,94,237,1519,62,1195,148,12.4,134,90.5,1114,145,13,134,92.4
SA,2008,Male,20-49,12988,9010,6487,2044,330,149,135,65,211,12515,72,9862,1654,16.8,1472,89,8940,1618,18.1,1402,86.7
SA,2008,Male,50+,2082,1326,937,306,58,25,140,71,214.75,1996,66.4,1568,272,17.3,240,88.2,1414,265,18.7,225,84.9
SA,2008,Female,20-49,21138,14694,9877,3813,584,420,155,82,227,20584,71.4,16928,3118,18.4,2858,91.7,15554,2998,19.3,2666,88.9
SA,2008,Female,50+,1911,1251,810,353,57,31,159,87.5,241.5,1869,66.9,1498,258,17.2,240,93,1382,246,17.8,222,90.2
SA,2009,Male,20-49,15321,10466,7459,2415,371,221,135,67,214,14837,70.5,11867,2114,17.8,1876,88.7,10681,1838,17.2,1597,86.9
SA,2009,Male,50+,2330,1427,1014,338,47,28,141,80.5,213.5,2248,63.5,1828,382,20.9,333,87.2,1687,365,21.6,314,86
SA,2009,Female,20-49,25122,17354,11063,4952,809,530,163,91,240,24496,70.8,20313,3739,18.4,3352,89.6,18605,3386,18.2,2971,87.7
SA,2009,Female,50+,2232,1435,884,452,64,35,169,105.5,242,2178,65.9,1802,367,20.4,337,91.8,1665,324,19.5,303,93.5
SA,2010,Male,20-49,15997,10479,7047,2764,439,229,149,77,229,15528,67.5,12515,2294,18.3,2025,88.3,11252,2034,18.1,1710,84.1
SA,2010,Male,50+,2398,1407,917,393,64,33,154,84,242.5,2317,60.7,1853,404,21.8,341,84.4,1691,347,20.5,289,83.3
SA,2010,Female,20-49,26670,17698,10200,5833,973,692,179,100,262,26073,67.9,21824,4443,20.4,3948,88.9,19932,3983,20,3487,87.5
SA,2010,Female,50+,2509,1665,943,557,86,79,181,110,266,2457,67.8,2040,401,19.7,372,92.8,1874,364,19.4,330,90.7
SA,2011,Male,20-49,17019,10940,6340,3632,650,318,174,89,264,16603,65.9,13356,2450,18.3,2099,85.7,12099,1987,16.4,1687,84.9
SA,2011,Male,50+,2757,1668,949,557,116,46,174,89,272,2669,62.5,2128,451,21.2,392,86.9,1918,358,18.7,307,85.8
SA,2011,Female,20-49,29379,18461,8839,7363,1379,880,207,120,298,28805,64.1,24190,4633,19.2,4102,88.5,22265,3878,17.4,3427,88.4
SA,2011,Female,50+,2857,1796,853,747,100,96,210,129,297,2790,64.4,2332,475,20.4,432,90.9,2124,371,17.5,344,92.7
SA,2012,Male,20-49,16457,9766,5167,3513,716,370,189,95,289,16038,60.9,12974,2626,20.2,2293,87.3,11849,2052,17.3,1722,83.9
SA,2012,Male,50+,2530,1395,739,497,104,55,190,96.5,287,2440,57.2,1983,472,23.8,420,89,1813,384,21.2,334,87
SA,2012,Female,20-49,28560,16368,6759,7211,1416,982,234,136,316,27894,58.7,23589,5119,21.7,4610,90.1,21808,3968,18.2,3547,89.4
SA,2012,Female,50+,2571,1486,629,667,107,83,228.5,131,316,2497,59.5,2061,418,20.3,389,93.1,1905,333,17.5,315,94.6
SA,2013,Male,20-49,19653,10741,5380,3704,1064,593,200,101,306,19186,56,15766,2657,16.9,2366,89,14421,1952,13.5,1692,86.7
SA,2013,Male,50+,3037,1508,731,525,163,89,206.5,111.75,317,2942,51.3,2385,454,19,403,88.8,2200,334,15.2,289,86.5
SA,2013,Female,20-49,35288,18629,6613,7290,2444,2282,260,152,352,34621,53.8,29381,5102,17.4,4651,91.2,27270,3937,14.4,3543,90
SA,2013,Female,50+,2950,1599,624,624,194,157,251,141,341,2891,55.3,2453,424,17.3,399,94.1,2299,317,13.8,295,93.1
SA,2014,Male,20-49,20218,11709,5272,3776,1867,794,223,114,339,19738,59.3,16476,2606,15.8,2370,90.9,15098,1960,13,1741,88.8
SA,2014,Male,50+,2983,1622,717,542,249,114,226.5,116.25,338.75,2903,55.9,2397,460,19.2,417,90.7,2224,331,14.9,299,90.3
SA,2014,Female,20-49,39236,20983,6314,6597,4612,3460,300,173,435,38465,54.6,32757,5180,15.8,4796,92.6,30374,4219,13.9,3858,91.4
SA,2014,Female,50+,3072,1732,596,597,340,199,268,153,389,2998,57.8,2564,414,16.1,386,93.2,2418,337,13.9,318,94.4
SA,2015,Male,20-49,20499,11000,4829,3243,2144,784,230,115,360,20075,54.8,16538,3420,20.7,3115,91.1,14920,2811,18.8,2483,88.3
SA,2015,Male,50+,2924,1450,641,412,293,104,234,109,365,2839,51.1,2368,532,22.5,483,90.8,2163,450,20.8,406,90.2
SA,2015,Female,20-49,38900,18790,5266,5310,5085,3129,320,182,450,38108,49.3,31918,6856,21.5,6378,93,29385,5456,18.6,4997,91.6
SA,2015,Female,50+,2999,1601,538,484,400,179,279,154,409,2937,54.5,2502,524,20.9,499,95.2,2317,465,20.1,443,95.3
SA,2016,Male,20-49,21828,9939,4134,2681,1912,1212,242,119.5,394,21365,46.5,17499,5014,28.7,4503,89.8,15632,4309,27.6,3786,87.9
SA,2016,Male,50+,3154,1275,557,314,231,173,235,117,396.5,3058,41.7,2513,844,33.6,761,90.2,2266,792,35,724,91.4
SA,2016,Female,20-49,40985,17430,4652,4355,4234,4189,341,189,494,40233,43.3,33439,9261,27.7,8566,92.5,30455,8120,26.7,7408,91.2
SA,2016,Female,50+,3457,1630,476,446,364,344,318,172,473.75,3370,48.4,2866,831,29,772,92.9,2622,769,29.3,710,92.3
SA,2017,Male,20-49,28847,10298,3769,2794,1864,1871,272,139,436,28298,36.4,21760,6022,27.7,5420,90,18561,5148,27.7,4491,87.2
SA,2017,Male,50+,3859,1225,450,315,188,272,274,140,470,3749,32.7,2950,977,33.1,890,91.1,2592,833,32.1,743,89.2
SA,2017,Female,20-49,51262,17219,3984,4018,3670,5547,375,214.5,563,50304,34.2,39586,11342,28.7,10339,91.2,34217,9741,28.5,8807,90.4
SA,2017,Female,50+,4104,1398,356,331,274,437,359,198.25,550.75,4012,34.8,3270,1005,30.7,952,94.7,2816,916,32.5,862,94.1
SA,2018,Male,20-49,26833,7852,2932,2186,1358,1376,264,137,426,26182,30,17782,5862,33,5211,88.9,14367,5255,36.6,4611,87.7
SA,2018,Male,50+,3300,875,346,244,136,149,246,131,420,3204,27.3,2318,938,40.5,835,89,1976,828,41.9,739,89.3
SA,2018,Female,20-49,46568,12763,2905,3061,2767,4030,371,215,559,45396,28.1,31169,10419,33.4,9363,89.9,25350,9553,37.7,8547,89.5
SA,2018,Female,50+,3603,1006,268,241,203,294,345.5,189.25,542.5,3498,28.8,2566,966,37.6,906,93.8,2197,860,39.1,801,93.1
SA,2019,Male,20-49,23083,5228,1938,1391,969,930,267,135,430,22400,23.3,16089,6674,41.5,6099,91.4,12972,4302,33.2,3877,90.1
SA,2019,Male,50+,2915,550,244,137,79,90,240,100,390.75,2804,19.6,2130,943,44.3,849,90,1693,642,37.9,591,92.1
SA,2019,Female,20-49,34881,8019,1833,1954,1657,2575,370,216,570,33746,23.8,24977,10838,43.4,9875,91.1,20061,7626,38,6923,90.8
SA,2019,Female,50+,2941,557,172,106,112,167,353,161,545,2834,19.7,2231,900,40.3,831,92.3,1756,651,37.1,609,93.5
SA,2020,Male,20-49,18807,3336,1266,879,601,590,267,134,427,18148,18.4,11518,4409,38.3,4026,91.3,8710,2725,31.3,2495,91.6
SA,2020,Male,50+,2368,385,155,101,53,76,249,142,443,2263,17,1437,605,42.1,565,93.4,1093,387,35.4,363,93.8
SA,2020,Female,20-49,32412,5464,1236,1230,1193,1805,379,218.75,575,31339,17.4,20191,8727,43.2,8090,92.7,15412,5949,38.6,5531,93
SA,2020,Female,50+,2380,315,94,74,50,97,323,170,573,2269,13.9,1467,539,36.7,508,94.2,1125,413,36.7,391,94.7
SA,2021,Male,20-49,13396,2287,891,592,395,409,260,126,431,12855,17.8,7772,3082,39.7,2863,92.9,5480,1925,35.1,1785,92.7
SA,2021,Male,50+,1744,298,141,65,50,42,225,85.75,412.25,1647,18.1,1077,447,41.5,420,94,794,291,36.6,265,91.1
SA,2021,Female,20-49,23893,3886,919,938,780,1249,363,210,562.75,22872,17,14621,6591,45.1,6149,93.3,10299,4440,43.1,4174,94
SA,2021,Female,50+,1825,280,87,64,49,80,305.5,174,553.5,1734,16.1,1081,461,42.6,444,96.3,816,318,39,301,94.7
SA,2022,Male,20-49,8771,2094,882,511,327,374,241.5,128,424.75,8026,26.1,3973,1809,45.5,1691,93.5,2360,883,37.4,812,92
SA,2022,Male,50+,1519,430,174,98,66,92,275.5,131.75,452.75,1361,31.6,716,390,54.5,362,92.8,402,204,50.7,185,90.7
SA,2022,Female,20-49,15059,3247,835,730,650,1032,363,200,569.5,13499,24.1,6162,2899,47,2720,93.8,3604,1513,42,1417,93.7
SA,2022,Female,50+,1350,268,103,58,27,80,285.5,135.5,548,1163,23,562,244,43.4,236,96.7,333,130,39,125,96.2
SA,2023,Male,20-49,3900,980,429,243,169,139,233,107,399,3626,27,778,340,43.7,321,94.4,**,**,**,**,**
SA,2023,Male,50+,708,215,115,40,21,39,179,66.5,387,660,32.6,123,75,61,72,96,**,**,**,**,**
SA,2023,Female,20-49,5901,1400,377,327,288,408,348,189.5,535,5527,25.3,1112,504,45.3,475,94.2,**,**,**,**,**
SA,2023,Female,50+,707,168,60,33,23,52,272.5,131,547.25,658,25.5,126,56,44.4,53,94.6,**,**,**,**,**
SA,2024,Male,20-49,127,*,*,*,*,*,*,*,*,72,*,0,0,,0,,**,**,**,**,**
SA,2024,Male,50+,17,0,,,,,,,,*,*,0,0,,0,,**,**,**,**,**
SA,2024,Female,20-49,228,14,*,*,*,*,412,317.75,629.5,114,12.3,0,0,,0,,**,**,**,**,**
SA,2024,Female,50+,26,*,*,*,*,*,*,*,*,13,*,0,0,,0,,**,**,**,**,**
WA,ALL,ALL,ALL,42369,33635,18472,9661,3108,2394,181,84,294.9558,41721,80.6,35939,11437,31.8,9678,84.6,33361,10526,31.6,8893,84.5
WA,2006,ALL,ALL,2244,1950,1555,271,63,61,121,53,188.75,2215,88,1933,954,49.4,744,78,1815,907,50,710,78.3
WA,2007,ALL,ALL,3129,2702,2063,507,90,42,125,62,195.75,3080,87.7,2696,1011,37.5,787,77.8,2534,986,38.9,777,78.8
WA,2008,ALL,ALL,3871,3443,2218,988,162,75,157,77,234,3822,90.1,3364,1417,42.1,1162,82,3197,1334,41.7,1099,82.4
WA,2009,ALL,ALL,3663,3217,1974,944,176,123,163,77.616,247,3600,89.4,3167,1018,32.1,819,80.5,2976,1066,35.8,872,81.8
WA,2010,ALL,ALL,3625,3118,1835,999,168,116,171,85,253,3573,87.3,3140,859,27.4,684,79.6,2934,742,25.3,598,80.6
WA,2011,ALL,ALL,3312,3050,1699,1034,196,121,181.5,90.218125,274.75,3242,94.1,2833,598,21.1,499,83.4,2666,322,12.1,272,84.5
WA,2012,ALL,ALL,3267,3031,1460,1119,253,199,207,95,309,3213,94.3,2790,441,15.8,367,83.2,2632,667,25.3,555,83.2
WA,2013,ALL,ALL,3358,3184,1512,1171,332,169,210.5,93,313,3303,96.4,2918,276,9.5,225,81.5,2718,280,10.3,236,84.3
WA,2014,ALL,ALL,2539,2364,1156,780,301,127,207,85,316,2497,94.7,2176,401,18.4,343,85.5,2015,512,25.4,442,86.3
WA,2015,ALL,ALL,2283,2007,811,561,398,237,256,112.5,388,2238,89.7,1960,674,34.4,612,90.8,1839,802,43.6,721,89.9
WA,2016,ALL,ALL,1849,1581,635,412,331,203,257,116,403,1825,86.6,1604,645,40.2,579,89.8,1519,548,36.1,486,88.7
WA,2017,ALL,ALL,1643,1258,434,268,222,334,309,138,514,1622,77.6,1396,574,41.1,515,89.7,1332,587,44.1,521,88.8
WA,2018,ALL,ALL,1175,783,334,163,119,167,256,100,468,1154,67.9,952,410,43.1,364,88.8,882,319,36.2,287,90
WA,2019,ALL,ALL,1362,752,319,173,97,163,253,105.75,452.5,1347,55.8,1144,425,37.2,388,91.3,1051,344,32.7,303,88.1
WA,2020,ALL,ALL,1921,445,170,106,75,94,257,125,441,1913,23.3,1654,710,42.9,664,93.5,1529,485,31.7,437,90.1
WA,2021,ALL,ALL,1532,278,101,67,46,64,277.5,122,479.75,1518,18.3,1358,650,47.9,591,90.9,1284,473,36.8,441,93.2
WA,2022,ALL,ALL,1116,282,109,52,54,67,293.5,117.25,494.75,1103,25.6,754,349,46.3,320,91.7,437,151,34.6,136,90.1
WA,2023,ALL,ALL,474,189,86,46,25,32,234,96,401,450,42,100,25,25,15,60,**,**,**,**,**
WA,2024,ALL,ALL,*,*,*,*,*,*,*,*,*,*,*,0,0,,0,,**,**,**,**,**
WA,ALL,Male,ALL,15331,11340,6865,2950,908,617,157.56795,64,272,15053,75.3,12803,4207,32.9,3588,85.3,11780,3671,31.2,3119,85
WA,ALL,Female,ALL,27038,22295,11607,6711,2200,1777,193,96,304,26668,83.6,23136,7230,31.2,6090,84.2,21581,6855,31.8,5774,84.2
WA,ALL,ALL,20-49,36903,29417,16288,8440,2654,2035,180,83,292,36367,80.9,31468,10088,32.1,8505,84.3,29237,9271,31.7,7769,83.8
WA,ALL,ALL,50+,5466,4218,2184,1221,454,359,190,94,312,5354,78.8,4471,1349,30.2,1173,87,4124,1255,30.4,1124,89.6
WA,2006,Male,ALL,824,705,597,81,16,11,103,47,170,815,86.5,695,331,47.6,248,74.9,650,306,47.1,242,79.1
WA,2006,Female,ALL,1420,1245,958,190,47,50,132,57,194,1400,88.9,1238,623,50.3,496,79.6,1165,601,51.6,468,77.9
WA,2007,Male,ALL,1098,925,745,152,23,*,109,50,180,1072,86.3,917,363,39.6,293,80.7,852,348,40.8,285,81.9
WA,2007,Female,ALL,2031,1777,1318,355,67,37,133,68,204,2008,88.5,1779,648,36.4,494,76.2,1682,638,37.9,492,77.1
WA,2008,Male,ALL,1258,1105,762,275,47,21,140,60,221,1240,89.1,1082,485,44.8,395,81.4,1024,451,44,365,80.9
WA,2008,Female,ALL,2613,2338,1456,713,115,54,165,85,238,2582,90.5,2282,932,40.8,767,82.3,2173,883,40.6,734,83.1
WA,2009,Male,ALL,1203,1068,722,271,45,30,139,55,229,1175,90.9,1016,351,34.5,300,85.5,952,371,39,318,85.7
WA,2009,Female,ALL,2460,2149,1252,673,131,93,173,92,254,2425,88.6,2151,667,31,519,77.8,2024,695,34.3,554,79.7
WA,2010,Male,ALL,1193,991,661,264,41,25,150,64,234.5,1169,84.8,985,273,27.7,221,81,907,216,23.8,179,82.9
WA,2010,Female,ALL,2432,2127,1174,735,127,91,182,95,260.7552,2404,88.5,2155,586,27.2,463,79,2027,526,25.9,419,79.7
WA,2011,Male,ALL,1070,978,600,311,45,22,162.5,70,252,1038,94.2,888,185,20.8,158,85.4,834,109,13.1,97,89
WA,2011,Female,ALL,2242,2072,1099,723,151,99,191,103,287,2204,94,1945,413,21.2,341,82.6,1832,213,11.6,175,82.2
WA,2012,Male,ALL,1041,976,529,340,73,34,178,68.75,292,1021,95.6,885,122,13.8,98,80.3,832,211,25.4,169,80.1
WA,2012,Female,ALL,2226,2055,931,779,180,165,215,107,315,2192,93.8,1905,319,16.7,269,84.3,1800,456,25.3,386,84.6
WA,2013,Male,ALL,1147,1082,579,372,95,36,181.5,70,294,1124,96.3,963,88,9.1,64,72.7,890,100,11.2,84,84
WA,2013,Female,ALL,2211,2102,933,799,237,133,223,112.92875,321,2179,96.5,1955,188,9.6,161,85.6,1828,180,9.8,152,84.4
WA,2014,Male,ALL,887,830,453,250,91,36,178,70.25,293,866,95.8,746,142,19,118,83.1,683,178,26.1,155,87.1
WA,2014,Female,ALL,1652,1534,703,530,210,91,222,95,324,1631,94.1,1430,259,18.1,225,86.9,1332,334,25.1,287,85.9
WA,2015,Male,ALL,779,678,325,180,113,60,214.5,74,352.75,764,88.7,666,245,36.8,219,89.4,619,253,40.9,217,85.8
WA,2015,Female,ALL,1504,1329,486,381,285,177,275,132,402.985,1474,90.2,1294,429,33.2,393,91.6,1220,549,45,504,91.8
WA,2016,Male,ALL,611,519,253,119,86,61,207,72,373.5,601,86.4,507,196,38.7,178,90.8,472,175,37.1,151,86.3
WA,2016,Female,ALL,1238,1062,382,293,245,142,281,137,416,1224,86.8,1097,449,40.9,401,89.3,1047,373,35.6,335,89.8
WA,2017,Male,ALL,593,439,177,99,78,85,255,98,448,584,75.2,498,195,39.2,174,89.2,473,215,45.5,186,86.5
WA,2017,Female,ALL,1050,819,257,169,144,249,330,153.5,562.70095,1038,78.9,898,379,42.2,341,90,859,372,43.3,335,90.1
WA,2018,Male,ALL,440,297,131,71,44,51,236,98,409,428,69.4,347,155,44.7,136,87.7,325,128,39.4,120,93.8
WA,2018,Female,ALL,735,486,203,92,75,116,270.5,100,494.75,726,66.9,605,255,42.1,228,89.4,557,191,34.3,167,87.4
WA,2019,Male,ALL,509,267,123,59,34,51,230,103.5,405,502,53.2,417,159,38.1,142,89.3,379,121,31.9,107,88.4
WA,2019,Female,ALL,853,485,196,114,63,112,267,107,483,845,57.4,727,266,36.6,246,92.5,672,223,33.2,196,87.9
WA,2020,Male,ALL,995,185,82,40,34,29,226,89,403,995,18.6,903,385,42.6,367,95.3,858,220,25.6,196,89.1
WA,2020,Female,ALL,926,260,88,66,41,65,276,151,497.4114,918,28.3,751,325,43.3,297,91.4,671,265,39.5,241,90.9
WA,2021,Male,ALL,878,102,41,25,18,18,246,115.25,445.0976,870,11.7,809,338,41.8,308,91.1,771,200,25.9,189,94.5
WA,2021,Female,ALL,654,176,60,42,28,46,281,140.5,510.5,648,27.2,549,312,56.8,283,90.7,513,273,53.2,252,92.3
WA,2022,Male,ALL,583,123,54,25,16,28,250,91,471,577,21.3,429,173,40.3,158,91.3,258,68,26.4,59,86.8
WA,2022,Female,ALL,533,159,55,27,38,39,326.6974,135.5,500,526,30.2,325,176,54.2,162,92,179,83,46.4,77,92.8
WA,2023,Male,ALL,218,69,30,16,*,14,288,84,482,208,33.2,50,21,42,11,52.4,**,**,**,**,**
WA,2023,Female,ALL,256,120,56,30,16,18,217,114,392.25,242,49.6,50,*,*,*,*,**,**,**,**,**
WA,2024,Male,ALL,*,*,*,*,*,*,*,*,*,*,*,0,0,,0,,**,**,**,**,**
WA,2024,Female,ALL,*,0,,,,,,,,*,*,0,0,,0,,**,**,**,**,**
WA,2006,ALL,20-49,2024,1766,1406,249,55,56,120.5,53,189,1999,88.3,1742,862,49.5,672,78,1640,828,50.5,639,77.2
WA,2006,ALL,50+,220,184,149,22,*,*,123.5,55.75,183.5,216,85.2,191,92,48.2,72,78.3,175,79,45.1,71,89.9
WA,2007,ALL,20-49,2807,2444,1876,456,76,36,124,60,194,2765,88.4,2422,929,38.4,724,77.9,2271,903,39.8,711,78.7
WA,2007,ALL,50+,322,258,187,51,14,*,134,72.25,207.75,315,81.9,274,82,29.9,63,76.8,263,83,31.6,66,79.5
WA,2008,ALL,20-49,3493,3114,2011,883,153,67,156,76,234,3454,90.2,3030,1287,42.5,1047,81.4,2879,1211,42.1,987,81.5
WA,2008,ALL,50+,378,329,207,105,*,*,163,92,234,368,89.4,334,130,38.9,115,88.5,318,123,38.7,112,91.1
WA,2009,ALL,20-49,3286,2891,1777,841,158,115,164,79,245,3232,89.4,2849,940,33,750,79.8,2681,979,36.5,794,81.1
WA,2009,ALL,50+,377,326,197,103,18,*,160,74,252.75,368,88.6,318,78,24.5,69,88.5,295,87,29.5,78,89.7
WA,2010,ALL,20-49,3203,2765,1637,868,152,108,170,85,253,3157,87.6,2790,789,28.3,629,79.7,2610,674,25.8,539,80
WA,2010,ALL,50+,422,353,198,131,16,*,180,87,251,416,84.9,350,70,20,55,78.6,324,68,21,59,86.8
WA,2011,ALL,20-49,2985,2763,1548,926,177,112,181,89,275.5,2929,94.3,2569,554,21.6,461,83.2,2418,289,12,242,83.7
WA,2011,ALL,50+,327,287,151,108,19,*,189,101.5,269,313,91.7,264,44,16.7,38,86.4,248,33,13.3,30,90.9
WA,2012,ALL,20-49,2879,2666,1274,984,225,183,208,97,311,2830,94.2,2466,404,16.4,333,82.4,2328,598,25.7,496,82.9
WA,2012,ALL,50+,388,365,186,135,28,16,194,84,299,383,95.3,324,37,11.4,34,91.9,304,69,22.7,59,85.5
WA,2013,ALL,20-49,2976,2819,1332,1040,297,150,211,92,314.64,2931,96.2,2602,246,9.5,204,82.9,2423,240,9.9,201,83.8
WA,2013,ALL,50+,382,365,180,131,35,19,203,102,306,372,98.1,316,30,9.5,21,70,295,40,13.6,35,87.5
WA,2014,ALL,20-49,2199,2052,1005,682,258,107,206.5,83,315,2163,94.9,1884,350,18.6,297,84.9,1737,438,25.2,373,85.2
WA,2014,ALL,50+,340,312,151,98,43,20,210.5,100,326.25,334,93.4,292,51,17.5,46,90.2,278,74,26.6,69,93.2
WA,2015,ALL,20-49,1890,1654,668,464,313,209,258,110.25,388,1854,89.2,1630,574,35.2,524,91.3,1533,695,45.3,621,89.4
WA,2015,ALL,50+,393,353,143,97,85,28,244,123,397.5012,384,91.9,330,100,30.3,88,88,306,107,35,100,93.5
WA,2016,ALL,20-49,1494,1273,518,336,264,155,252,116,395,1473,86.4,1298,526,40.5,474,90.1,1230,452,36.7,400,88.5
WA,2016,ALL,50+,355,308,117,76,67,48,266.8574,120.5,433.25,352,87.5,306,119,38.9,105,88.2,289,96,33.2,86,89.6
WA,2017,ALL,20-49,1345,1038,353,230,192,263,310,141.25,503,1328,78.2,1145,470,41,417,88.7,1094,504,46.1,446,88.5
WA,2017,ALL,50+,298,220,81,38,30,71,299.5,124.25,568.25,294,74.8,251,104,41.4,98,94.2,238,83,34.9,75,90.4
WA,2018,ALL,20-49,945,631,270,126,98,137,258,91,468.8325,927,68.1,770,327,42.5,290,88.7,708,248,35,223,89.9
WA,2018,ALL,50+,230,152,64,37,21,30,248,118.75,455.25,227,67,182,83,45.6,74,89.2,174,71,40.8,64,90.1
WA,2019,ALL,20-49,1099,597,253,136,80,128,255,102,454,1092,54.7,931,356,38.2,325,91.3,857,283,33,249,88
WA,2019,ALL,50+,263,155,66,37,17,35,242,114.5,447.9316,255,60.8,213,69,32.4,63,91.3,194,61,31.4,54,88.5
WA,2020,ALL,20-49,1628,352,129,88,60,75,263,129,441.75,1623,21.7,1416,630,44.5,594,94.3,1301,404,31.1,365,90.3
WA,2020,ALL,50+,293,93,41,18,15,19,234,106,428,290,32.1,238,80,33.6,70,87.5,228,81,35.5,72,88.9
WA,2021,ALL,20-49,1328,228,80,53,40,55,281,124,491,1318,17.3,1196,542,45.3,492,90.8,1140,400,35.1,373,93.2
WA,2021,ALL,50+,204,50,21,14,*,*,228,115.5,382,200,25,162,108,66.7,99,91.7,144,73,50.7,68,93.2
WA,2022,ALL,20-49,937,214,84,42,39,49,279.5,119.25,491.25,926,23.1,648,284,43.8,260,91.5,387,125,32.3,110,88
WA,2022,ALL,50+,179,68,25,*,15,18,304,102.25,515,177,38.4,106,65,61.3,60,92.3,50,26,52,26,100
WA,2023,ALL,20-49,381,149,66,36,17,30,247,114,423,362,41.2,80,18,22.5,12,66.7,**,**,**,**,**
WA,2023,ALL,50+,93,40,20,*,*,*,176,72.75,349.25,88,45.5,20,*,*,*,*,**,**,**,**,**
WA,2024,ALL,20-49,*,*,*,*,*,*,*,*,*,*,*,0,0,,0,,**,**,**,**,**
WA,2024,ALL,50+,*,0,,,,,,,,*,*,0,0,,0,,**,**,**,**,**
WA,ALL,Male,20-49,12551,9197,5627,2390,718,462,155,63,268,12340,74.5,10580,3524,33.3,2999,85.1,9738,3027,31.1,2555,84.4
WA,ALL,Male,50+,2780,2143,1238,560,190,155,167,74,290.7514,2713,79,2223,683,30.7,589,86.2,2042,644,31.5,564,87.6
WA,ALL,Female,20-49,24352,20220,10661,6050,1936,1573,190,94,302,24027,84.2,20888,6564,31.4,5506,83.9,19499,6244,32,5214,83.5
WA,ALL,Female,50+,2686,2075,946,661,264,204,217,118,332.5,2641,78.6,2248,666,29.6,584,87.7,2082,611,29.3,560,91.7
WA,2006,Male,20-49,696,600,505,72,14,*,100,44.75,173,691,86.8,592,282,47.6,213,75.5,556,265,47.7,206,77.7
WA,2006,Male,50+,128,105,92,*,*,*,109,52,157,124,84.7,103,49,47.6,35,71.4,94,41,43.6,36,87.8
WA,2006,Female,20-49,1328,1166,901,177,41,47,128.5,57,194,1308,89.1,1150,580,50.4,459,79.1,1084,563,51.9,433,76.9
WA,2006,Female,50+,92,79,57,13,*,*,161,59,208,92,85.9,88,43,48.9,37,86,81,38,46.9,35,92.1
WA,2007,Male,20-49,920,792,641,130,18,*,105.5,48,176.25,901,87.9,773,316,40.9,255,80.7,715,301,42.1,248,82.4
WA,2007,Male,50+,178,133,104,22,*,*,134,73,191,171,77.8,144,47,32.6,38,80.9,137,47,34.3,37,78.7
WA,2007,Female,20-49,1887,1652,1235,326,58,33,132.5,68,201,1864,88.6,1649,613,37.2,469,76.5,1556,602,38.7,463,76.9
WA,2007,Female,50+,144,125,83,29,*,*,134,72,222,144,86.8,130,35,26.9,25,71.4,126,36,28.6,29,80.6
WA,2008,Male,20-49,1062,945,656,226,46,17,143,60,219,1051,89.9,906,417,46,335,80.3,856,386,45.1,306,79.3
WA,2008,Male,50+,196,160,106,49,*,*,132.5,70,224,189,84.7,176,68,38.6,60,88.2,168,65,38.7,59,90.8
WA,2008,Female,20-49,2431,2169,1355,657,107,50,163,84,238,2403,90.3,2124,870,41,712,81.8,2023,825,40.8,681,82.5
WA,2008,Female,50+,182,169,101,56,*,*,175,115,242,179,94.4,158,62,39.2,55,88.7,150,58,38.7,53,91.4
WA,2009,Male,20-49,1004,892,607,224,37,24,139.5,53,225,982,90.8,849,304,35.8,258,84.9,796,321,40.3,273,85
WA,2009,Male,50+,199,176,115,47,*,*,137,61.5,243,193,91.2,167,47,28.1,42,89.4,156,50,32.1,45,90
WA,2009,Female,20-49,2282,1999,1170,617,121,91,173,91.5,254,2250,88.8,2000,636,31.8,492,77.4,1885,658,34.9,521,79.2
WA,2009,Female,50+,178,150,82,56,*,*,183,106.72,268.6675,175,85.7,151,31,20.5,27,87.1,139,37,26.6,33,89.2
WA,2010,Male,20-49,954,796,541,201,33,21,147,63.75,232,933,85.3,798,237,29.7,193,81.4,734,177,24.1,147,83.1
WA,2010,Male,50+,239,195,120,63,*,*,167,64,244.5,236,82.6,187,36,19.3,28,77.8,173,39,22.5,32,82.1
WA,2010,Female,20-49,2249,1969,1096,667,119,87,181,94,260.6016,2224,88.5,1992,552,27.7,436,79,1876,497,26.5,392,78.9
WA,2010,Female,50+,183,158,78,68,*,*,204,107.97065,263.25,180,87.8,163,34,20.9,27,79.4,151,29,19.2,27,93.1
WA,2011,Male,20-49,898,829,516,258,35,20,160,67,252,875,94.7,753,164,21.8,139,84.8,707,90,12.7,80,88.9
WA,2011,Male,50+,172,149,84,53,*,*,178,79,252,163,91.4,135,21,15.6,19,90.5,127,19,15,17,89.5
WA,2011,Female,20-49,2087,1934,1032,668,142,92,190,101,286,2054,94.2,1816,390,21.5,322,82.6,1711,199,11.6,162,81.4
WA,2011,Female,50+,155,138,67,55,*,*,203.3864,130.25,291.75,150,92,129,23,17.8,19,82.6,121,14,11.6,13,92.9
WA,2012,Male,20-49,856,803,429,284,62,28,181,71,293.5,840,95.6,732,109,14.9,86,78.9,690,177,25.7,142,80.2
WA,2012,Male,50+,185,173,100,56,11,*,160,53,287,181,95.6,153,13,8.5,12,92.3,142,34,23.9,27,79.4
WA,2012,Female,20-49,2023,1863,845,700,163,155,216,106,316,1990,93.6,1734,295,17,247,83.7,1638,421,25.7,354,84.1
WA,2012,Female,50+,203,192,86,79,17,*,213.5,121.25,300.25,202,95,171,24,14,22,91.7,162,35,21.6,32,91.4
WA,2013,Male,20-49,937,879,465,311,77,26,184,69,294,917,95.9,791,71,9,52,73.2,730,77,10.5,64,83.1
WA,2013,Male,50+,210,203,114,61,18,*,175.7184,76.5,299.5,207,98.1,172,17,9.9,12,70.6,160,23,14.4,20,87
WA,2013,Female,20-49,2039,1940,867,729,220,124,222,110,321.25,2014,96.3,1811,175,9.7,152,86.9,1693,163,9.6,137,84
WA,2013,Female,50+,172,162,66,70,17,*,236.5,140.25,312.75,165,98.2,144,13,9,*,*,135,17,12.6,15,88.2
WA,2014,Male,20-49,715,672,368,206,74,24,174,70,291.25,699,96.1,602,118,19.6,98,83.1,546,144,26.4,125,86.8
WA,2014,Male,50+,172,158,85,44,17,12,182,78,303.75,167,94.6,144,24,16.7,20,83.3,137,34,24.8,30,88.2
WA,2014,Female,20-49,1484,1380,637,476,184,83,221,92.75,323,1464,94.3,1282,232,18.1,199,85.8,1191,294,24.7,248,84.4
WA,2014,Female,50+,168,154,66,54,26,*,239,110.75,338.75,167,92.2,148,27,18.2,26,96.3,141,40,28.4,39,97.5
WA,2015,Male,20-49,581,506,242,130,87,47,214.5,67.25,363,570,88.8,502,192,38.2,173,90.1,466,199,42.7,167,83.9
WA,2015,Male,50+,198,172,83,50,26,13,212.356,85.75,339.5,194,88.7,164,53,32.3,46,86.8,153,54,35.3,50,92.6
WA,2015,Female,20-49,1309,1148,426,334,226,162,273,126,395,1284,89.4,1128,382,33.9,351,91.9,1067,496,46.5,454,91.5
WA,2015,Female,50+,195,181,60,47,59,15,289,167,415,190,95.3,166,47,28.3,42,89.4,153,53,34.6,50,94.3
WA,2016,Male,20-49,447,377,185,88,62,42,206,69,373,438,86.1,374,137,36.6,125,91.2,349,128,36.7,111,86.7
WA,2016,Male,50+,164,142,68,31,24,19,209,79.25,374,163,87.1,133,59,44.4,53,89.8,123,47,38.2,40,85.1
WA,2016,Female,20-49,1047,896,333,248,202,113,273.5,133.75,405.25,1035,86.6,924,389,42.1,349,89.7,881,324,36.8,289,89.2
WA,2016,Female,50+,191,166,49,45,43,29,314.5,162.5,469,189,87.8,173,60,34.7,52,86.7,166,49,29.5,46,93.9
WA,2017,Male,20-49,453,336,133,77,65,61,268,104.75,436.5,446,75.3,384,146,38,129,88.4,364,169,46.4,146,86.4
WA,2017,Male,50+,140,103,44,22,13,24,231,85,472.5,138,74.6,114,49,43,45,91.8,109,46,42.2,40,87
WA,2017,Female,20-49,892,702,220,153,127,202,326.5,153.25,545,882,79.6,761,324,42.6,288,88.9,730,335,45.9,300,89.6
WA,2017,Female,50+,158,117,37,16,17,47,403,157,609,156,75,137,55,40.1,53,96.4,129,37,28.7,35,94.6
WA,2018,Male,20-49,331,218,94,50,30,44,241,90,431.720625,321,67.9,264,113,42.8,99,87.6,243,91,37.4,87,95.6
WA,2018,Male,50+,109,79,37,21,14,*,222,113,364.5,107,73.8,83,42,50.6,37,88.1,82,37,45.1,33,89.2
WA,2018,Female,20-49,614,413,176,76,68,93,268.0488,94,476,606,68.2,506,214,42.3,191,89.3,465,157,33.8,136,86.6
WA,2018,Female,50+,121,73,27,16,*,23,276,133,579.684,120,60.8,99,41,41.4,37,90.2,92,34,37,31,91.2
WA,2019,Male,20-49,379,195,93,44,25,33,220,83,393,375,52,314,122,38.9,108,88.5,287,89,31,77,86.5
WA,2019,Male,50+,130,72,30,15,*,18,241.5,141.25,460.6474,127,56.7,103,37,35.9,34,91.9,92,32,34.8,30,93.8
WA,2019,Female,20-49,720,402,160,92,55,95,273,107.5,487.75,717,56.1,617,234,37.9,217,92.7,570,194,34,172,88.7
WA,2019,Female,50+,133,83,36,22,*,17,242,103.5,447.5,128,64.8,110,32,29.1,29,90.6,102,29,28.4,24,82.8
WA,2020,Male,20-49,855,139,60,35,24,20,235,86.5,372.5,855,16.3,787,347,44.1,332,95.7,746,181,24.3,161,89
WA,2020,Male,50+,140,46,22,*,*,*,215,90.25,447.5,140,32.9,116,38,32.8,35,92.1,112,39,34.8,35,89.7
WA,2020,Female,20-49,773,213,69,53,36,55,283,155,509,768,27.7,629,283,45,262,92.6,555,223,40.2,204,91.5
WA,2020,Female,50+,153,47,19,13,*,*,250,139.5,411,150,31.3,122,42,34.4,35,83.3,116,42,36.2,37,88.1
WA,2021,Male,20-49,789,80,32,19,15,14,250.5,113.5,448.3476,782,10.2,735,290,39.5,265,91.4,709,171,24.1,163,95.3
WA,2021,Male,50+,89,22,*,*,*,*,233.5,127.5,416.75,88,25,74,48,64.9,43,89.6,62,29,46.8,26,89.7
WA,2021,Female,20-49,539,148,48,34,25,41,292,141.75,522.5,536,27.6,461,252,54.7,227,90.1,431,229,53.1,210,91.7
WA,2021,Female,50+,115,28,12,*,*,*,218.5,99.5,357.25,112,25,88,60,68.2,56,93.3,82,44,53.7,42,95.5
WA,2022,Male,20-49,499,86,39,21,*,16,223.5,93,400.25,495,17.4,383,144,37.6,130,90.3,244,61,25,52,85.2
WA,2022,Male,50+,84,37,15,*,*,12,308,89,699,82,45.1,46,29,63,28,96.6,14,*,*,*,*
WA,2022,Female,20-49,438,128,45,21,29,33,329.3487,134,506.75,431,29.7,265,140,52.8,130,92.9,143,64,44.8,58,90.6
WA,2022,Female,50+,95,31,*,*,*,*,300,166.5,458.5,95,32.6,60,36,60,32,88.9,36,19,52.8,19,100
WA,2023,Male,20-49,171,51,20,14,*,13,290,104.5,499.5,165,30.9,41,15,36.6,*,*,**,**,**,**,**
WA,2023,Male,50+,47,18,*,*,*,*,112,77.75,436.75,43,41.9,*,*,*,*,*,**,**,**,**,**
WA,2023,Female,20-49,210,98,46,22,13,17,241,115.25,402.5,197,49.7,39,*,*,*,*,**,**,**,**,**
WA,2023,Female,50+,46,22,*,*,*,*,205,59.5,290.25,45,48.9,11,*,*,*,*,**,**,**,**,**
WA,2024,Male,20-49,*,*,*,*,*,*,*,*,*,*,*,0,0,,0,,**,**,**,**,**
WA,2024,Male,50+,0,0,,,,,,,,0,,0,0,,0,,**,**,**,**,**
WA,2024,Female,20-49,0,0,,,,,,,,0,,0,0,,0,,**,**,**,**,**
WA,2024,Female,50+,*,0,,,,,,,,*,*,0,0,,0,,**,**,**,**,**
